lnspecies,long,lat,temp,precip,NPP,elev,house,bedrooms
6.013715156042802,-111.9,48.5,5.445718654,25.61185015,0.306405209,1074.214111,1,2
6.368187186350492,-80,39.7,10.47224771,93.0866208,1.453058752,471.0052795,0,2
6.238324625039508,-122.8,45.5,10.72392966,91.80917431,1.927392495,120.6025009,0,3
6.3818160174060985,-79.3,37.9,12.53776758,78.74449541,2.125189278,463.9622192,1,3
6.324358962381311,-81,34,16.90611621,99.18990826,1.844109631,114.922226,1,3
6.327936783729195,-84.4,38,12.78448012,93.83784404,1.278921863,269.7555542,1,4
5.926926025970411,-115.3,36.1,17.15512232,11.21391437,0.121857966,991.2583618,1,3
6.222576268071369,-123.3,44.6,10.75336391,91.75344037,1.420692009,144.807785,1,4
6.368187186350492,-83.7,32.7,18.10107034,95.51941896,2.086765599,130.1658325,1,3
5.973809611869261,-116.8,43.9,11.16330275,20.24159021,0.388741671,749.1513672,1,4
6.309918278226516,-85.9,39.9,11.00175841,85.88845566,1.042322838,261.2016602,1,3
6.282266746896006,-122.4,40.3,16.75902141,58.58707951,1.407063904,181.367218,1,1
6.234410725718371,-94,36.3,14.96376147,93.68188073,1.621895818,414.0939026,1,2
6.104793232414985,-108.7,33.3,9.922171254,29.53608563,0.716384011,1988.788574,1,1
5.805134968916488,-73.9,41,10.60825688,101.411315,2.213204125,127.7934723,1,3
6.214608098422191,-77.1,39,12.51139144,88.78639144,1.81817838,137.5811157,1,4
6.335054251498059,-89.5,43,7.432874618,66.84411315,1.038347971,284.4916687,1,4
6.255750041753367,-93.4,37,13.6440367,86.23493884,1.153240459,381.5116577,1,3
6.091309882077698,-90.2,38.6,13.58379205,78.43256881,1.065982738,148.6699982,1,2
6.391917113392602,-74.5,41.6,7.817431193,97.52515291,2.10815415,468.2627869,1,4
5.978885764901122,-122.6,45.5,10.72392966,91.80917431,1.927392495,120.6025009,1,3
6.194405391104672,-92.3,43.1,7.603975535,68.0896789,0.928755302,370.4841614,1,3
6.093569770045136,-122.3,47.7,11.1014526,79.94380734,2.608986975,84.25081635,1,3
6.182084906716632,-91.1,41.8,9.620107034,69.42721713,1.016770145,239.0658264,1,4
4.672828834461906,-82.2,28.2,22.15588685,112.4344801,2.482169895,25.95861053,0,1
6.42648845745769,-80.2,40.3,10.53746177,86.09044343,1.754769841,345.6836243,1,2
6.226536669287466,-97.5,37.7,13.80764526,65.90351682,0.809509391,409.2113953,1,4
5.958424693029782,-75.2,40,12.40282875,91.6633792,1.236334048,25.62282181,0,2
6.257667587882639,-84.1,34.2,15.46788991,117.6438073,2.681670212,355.3460999,0,1
6.320768294250582,-74,40.7,11.15,97.4837156,2.213204125,60.80302048,0,2
6.492239835020471,-77,38.9,13.6970948,90.40053517,1.81817838,37.22084808,0,2
6.410174881966167,-75.4,40.6,9.728287462,96.59143731,2.212825568,179.5874939,1,3
6.267200548541362,-71.6,43.4,6.960091743,87.59441896,2.167398556,222.6697235,0,2
6.150602768446279,-88.5,43.9,7.297629969,59.25603976,1.103838589,290.8152771,1,3
6.104793232414985,-89.6,40.8,10.54411315,73.692737,0.902445487,192.5113831,1,3
6.259581464064923,-76.5,42.5,8.153975535,75.55611621,1.517035135,389.7213745,0,1
6.139884552226255,-71.2,42.3,9.388990826,94.63203364,1.966573293,52.88596344,0,1
6.2324480165505225,-88.6,43.3,7.675917431,66.74350153,1.093806784,265.8544312,1,4
6.182084906716632,-92.9,44.9,7.066819572,58.93845566,0.998220779,280.3152771,1,4
6.113682179832232,-86.4,36.9,14.3470948,103.7473242,1.876287097,213.0202789,1,3
6.270988431858299,-79.9,40.6,9.798318043,86.92905199,1.641202297,350.2911072,1,3
6.359573868672378,-74,40.7,11.81796636,92.61200306,2.213204125,23.8580265,0,3
6.421622267806518,-89.7,43,7.131957187,66.57591743,0.996327977,294.9661255,1,4
6.29156913955832,-88.5,43.8,7.297629969,59.25603976,1.103838589,290.8152771,0,3
5.075173815233827,-124.2,43.4,11.68012232,115.8809633,2.284183812,110.4423523,1,4
6.29156913955832,-105,39.6,6.594877676,32.73715596,0.430572381,2119.006104,1,4
6.021023349349527,-82.4,29.7,20.72599388,115.0859327,2.532139617,36.76833344,1,3
5.84354441703136,-77.2,39.1,12.51139144,88.78639144,1.25412629,137.5811157,1,3
6.150602768446279,-79,35.9,15.40512232,94.05412844,1.698932469,96.75722504,1,4
6.315358001522335,-79.8,39.5,10.47224771,93.0866208,2.201279529,471.0052795,1,3
6.297109319933935,-94.6,39,13.17729358,80.94074924,1.040240765,304.1794434,1,3
6.148468295917647,-79.1,33.9,17.80917431,100.6870795,1.655966085,10.274663929999999,1,3
6.466144724237619,-77.9,39.3,12.68478593,84.65328746,1.19715324,163.789444,1,3
5.634789603169249,-106.7,35.1,10.76146789,26.16360856,0.281041793,1708.676392,1,2
5.645446897643238,-72.6,44.3,4.082186544,90.16513761,1.726188676,433.0610962,1,3
6.470799503782602,-90.4,43.3,7.456651376,65.43929664,0.922887645,286.3158264,1,3
6.2324480165505225,-121.8,39.7,14.7559633,71.67958716,1.623220774,300.1264038,1,4
6.361302477572996,-86.7,34.7,15.94151376,114.7675076,1.581957906,220.6450043,1,4
6.459904454377535,-84.4,39.3,11.8,81.8867737,1.217216843,239.0194397,1,4
5.8664680569332965,-86.6,33.2,17.22966361,112.1009939,1.843920353,178.074173,1,3
6.424869023905388,-91.8,45.9,5.420183486,55.36536697,1.707260746,374.1994324,1,3
6.293419278846481,-84.9,39.8,10.77943425,83.16314985,0.926483949,313.1816711,1,4
6.077642243349034,-97.3,32.8,18.83256881,69.65810398,0.82370533,197.8705597,0,1
6.023447592961033,-88.5,37.6,13.90932722,93.5116208,1.027180502,147.5427704,1,3
5.926926025970411,-82.5,27.3,22.81444954,104.4943425,1.576658087,10.83112431,1,3
6.1092475827643655,-78.3,35.9,15.43333333,101.2742355,2.156420352,71.52583313,1,3
6.3080984415095305,-95.9,33.4,17.82262997,88.32477064,1.202453058,152.4450073,1,3
5.961005339623274,-97.1,33.2,18.24029052,73.32125382,0.744018775,220.74777219999999,0,2
5.123963979403259,-74.9,40.6,9.860703364,99.49067278,2.082980009,165.7169495,0,1
5.497168225293202,-102.3,31.9,18.02362385,26.18287462,0.469185343,868.7591553,1,3
6.028278520230698,-114,46.9,5.834250765,28.80466361,1.125416421,1497.740845,1,1
5.648974238161206,-73.4,41.7,8.895259939,98.1559633,2.138249549,266.0041809,1,3
6.091309882077698,-112,40.5,10.72744648,34.72324159,0.876892793,1401.720581,1,2
5.771441123130016,-114.4,35,17.55420489,13.88570336,0.202112357,1009.482483,1,1
6.159095388491933,-93.5,37.1,13.6440367,86.23493884,1.153240459,381.5116577,1,3
5.780743515792329,-79.1,35.8,14.88906728,97.33899083,1.698932469,136.7336121,1,3
6.220590170099739,-78,35.6,15.61567278,103.8310398,1.19734252,29.16361046,1,5
6.263398262591624,-89.7,43.5,7.131957187,66.57591743,1.096645971,294.9661255,1,3
6.302618975744905,-92.4,39,12.78172783,79.97920489,1.027937615,221.4455566,1,3
5.814130531825066,-75.2,40,12.40282875,91.6633792,1.236334048,25.62282181,0,2
5.3981627015177525,-122.7,45.5,10.72392966,91.80917431,1.927392495,120.6025009,1,4
6.248042874508429,-93.3,44.9,7.233333333,59.23409786,0.919291337,284.1616516,1,3
6.345636360828596,-90.7,38.8,13.017737,77.81299694,1.138476679,169.9763947,1,3
6.3080984415095305,-75.6,39.3,12.85649847,92.8779052,1.110463358,12.62528801,1,3
6.0014148779611505,-78.7,35.8,15.40512232,94.05412844,1.698932469,96.75722504,1,2
6.408528791059498,-78.9,36,14.54518349,92.76712538,1.698932469,137.7061157,1,4
6.440946540632921,-80.4,37.2,11.23807339,91.43340979,2.461538455,635.8566895,1,3
6.161207321695077,-93.2,44.9,7.233333333,59.23409786,0.919291337,284.1616516,0,2
3.7376696182833684,-79.8,36,14.56414373,88.55282875,1.67546184,225.6538849,1,2
6.342121418721152,-80.7,35.1,16.00198777,93.89120795,1.739248934,201.6608276,1,3
6.259581464064923,-122.4,45.6,9.534633028,171.5379205,2.360463346,457.9377747,1,4
6.45833828334479,-83.1,34.7,14.95856269,133.0756881,2.484630525,452.480011,1,4
5.945420608606575,-78.9,35.9,15.40512232,94.05412844,1.698932469,96.75722504,1,3
6.329720905522696,-87.9,43.2,7.990061162,63.14136086,1.151347664,187.468338,0,3
6.18826412308259,-80.2,32.9,18.57515291,103.1247706,3.342443974,4.99572134,0,3
6.421622267806518,-79.6,40.3,10.59304281,88.16972477,1.641202297,330.4186096,1,3
4.189654742026425,-80.8,35.2,16.00198777,93.89120795,1.29519988,201.6608276,0,3
6.052089168924417,-121.1,39,15.52576453,46.77752294,2.042663539,112.7744446,1,2
6.285998094508865,-84.4,39.1,11.8,81.8867737,1.131284071,239.0194397,1,3
6.391917113392602,-74.8,40.9,9.860703364,99.49067278,1.925310425,165.7169495,0,2
5.996452088619021,-122.3,37.6,14.09617737,41.10183486,2.266391583,115.6696014,1,4
6.4425401664681985,-87.3,36.2,14.82522936,106.3435015,1.206806481,194.0680542,0,2
6.238324625039508,-79.1,35.8,14.88906728,97.33899083,1.698932469,136.7336121,1,3
6.349138991379798,-79,38.4,12.62285933,80.3851682,1.46952605,400.1588745,1,3
6.285998094508865,-80.2,36.3,14.2883792,90.05229358,2.390558752,275.8555603,1,2
5.937536205082426,-80.9,35.3,16.00198777,93.89120795,1.29519988,201.6608276,1,3
6.073044534100405,-96.7,33,18.26253823,79.21972477,0.778656872,194.1074982,0,1
5.313205979041787,-117,46.4,9.908256881,34.39044343,1.0341838270000001,859.5841675,1,3
6.342121418721152,-94.8,38.9,13.17729358,80.94074924,1.102135071,304.1794434,1,5
6.148468295917647,-82.1,35.2,14.38103976,113.0635321,2.182730162,448.561676,1,3
5.983936280687191,-78.7,35.9,15.40512232,94.05412844,1.698932469,96.75722504,1,3
6.329720905522696,-76.3,43.1,8.518042813,80.44411315,1.328702301,138.4844513,1,4
5.877735781779639,-78,35.5,16.24013761,104.7938838,1.19734252,46.48333359,1,3
6.461468176353717,-73.8,41.3,10.60825688,101.411315,1.980012111,127.7934723,0,2
6.429719478039138,-89.2,42.7,7.887996942,67.07033639,1.038347971,271.980011,1,2
6.171700597410915,-112,40.7,6.855657492,47.03340979,0.75726832,1931.035034,1,4
6.48768401848461,-78.2,39.2,11.92561162,79.51605505,1.849409448,272.7061157,1,5
6.013715156042802,-74.2,41.8,9.274006116,94.33455657,2.103232887,246.6316681,1,2
6.304448802421981,-75.8,41.1,8.634938838,85.03348624,2.142602974,424.4169312,1,3
6.082218910376446,-79,38.1,12.62285933,80.3851682,2.266013008,400.1588745,0,3
5.752572638825633,-91.2,40.8,10.59816514,72.57324159,0.990081776,197.6488953,1,3
5.996452088619021,-111,45.6,6.116437309,36.17744648,0.632911872,1528.734985,1,3
6.373319789577012,-75.1,39.9,12.40282875,91.6633792,1.236334048,25.62282181,0,1
6.0844994130751715,-74,40.7,11.15,97.4837156,2.213204125,60.80302048,0,2
6.253828811575473,-78.8,35.6,15.40512232,94.05412844,1.824235313,96.75722504,1,3
6.139884552226255,-122.3,38,14.09617737,41.10183486,1.87041945,115.6696014,1,3
6.186208623900494,-79.1,35.9,14.88906728,97.33899083,1.698932469,136.7336121,1,3
6.419994928147142,-74.9,40.3,11.35496942,95.97515291,2.082980009,41.57500076,1,4
5.739792912179234,-80.8,40.9,9.530351682,80.10229358,1.774644156,341.9272156,0,2
5.918893854273146,-105,39.7,8.978746177,29.55221713,0.720737433,1677.784668,0,3
5.53338948872752,-82.4,35.5,11.10466361,111.1902905,2.555799501,854.4008179,0,3
5.805134968916488,-78.8,35.8,15.40512232,94.05412844,1.698932469,96.75722504,1,3
6.440946540632921,-75,39.9,12.05818043,94.8633792,1.464604782,22.87888908,1,4
6.175867270105761,-78.9,36,14.54518349,92.76712538,1.698932469,137.7061157,1,2
5.703782474656201,-111.1,32.4,20.41834862,22.03715596,0.306405209,762.9927979,1,3
5.8944028342648505,-121,38.8,15.52576453,46.77752294,2.042663539,112.7744446,1,1
6.418364935936212,-85.9,38.9,12.33723242,91.01712538,1.084153545,199.2644501,1,4
6.129050210060545,-74,40.7,11.81796636,92.61200306,2.213204125,23.8580265,0,2
5.981414211254481,-94.6,39.1,12.5912844,79.44044343,1.040240765,272.7763977,1,5
6.169610732491456,-122.2,37.8,14.09617737,41.10183486,1.87041945,115.6696014,1,3
6.483107351457199,-80.3,36.4,14.2883792,90.05229358,2.390558752,275.8555603,1,3
6.0844994130751715,-97.5,35.6,16.20550459,71.10703364,0.639725923,313.6911011,1,3
6.180016653652572,-93.6,42.1,8.909785933,65.98272171,0.791527867,329.9030457,1,3
5.796057750765372,-112,33.8,18.85779817,27.44740061,0.584456391,732.7105713,1,3
6.163314804034641,-121.8,37.7,13.85175841,44.68448012,1.317724109,247.8677826,1,4
6.327936783729195,-77.1,39,14.01888379,87.26605505,1.81817838,64.78483582,1,3
6.131226489483141,-96.9,46.9,5.016360856,42.55282875,0.661114476,281.2247314,0,3
6.391917113392602,-78.9,43,8.608792049,67.8601682,1.065982742,123.3691635,1,4
6.359573868672378,-72.4,41.3,9.954969419,99.29663609,1.971873108,45.68435287,0,1
6.368187186350492,-74.3,40.7,11.15,97.4837156,2.2052544,60.80302048,1,5
5.908082938168931,-110.6,45.6,5.189678899,39.41597859,0.491331013,1787.723633,1,4
6.280395838960195,-74,40.8,11.81796636,92.61200306,2.213204125,23.8580265,0,2
6.218600119691729,-97.4,42.4,8.840672783,51.49770642,0.971910968,502.4716797,1,2
5.955837369464831,-90.1,30.4,20.2588685,128.8316514,2.740157487,2.883951902,1,4
6.0063531596017325,-89.3,30.4,20.10244648,128.9729358,3.629580571,10.37857628,1,3
6.063785208687608,-122.1,37.9,14.09617737,41.10183486,1.87041945,115.6696014,1,3
6.028278520230698,-79.9,40.4,10.59304281,88.16972477,1.641202297,330.4186096,0,2
6.003887067106539,-80.8,35.2,16.00198777,93.89120795,1.29519988,201.6608276,0,2
6.3818160174060985,-80,40.5,9.712461774,79.61674312,1.641202297,331.8135986,1,3
6.368187186350492,-84.7,39.5,10.77943425,83.16314985,0.993678073,313.1816711,1,3
5.883322388488279,-117.9,33.8,16.28264526,34.18035168,1.13715173,232.911026,1,4
6.218600119691729,-89.5,43,7.432874618,66.84411315,1.038347971,284.4916687,0,1
6.453624998892692,-91.7,44.1,7.040825688,61.33853211,0.898849185,286.2644348,1,3
6.113682179832232,-122.3,47.8,11.1014526,79.94380734,2.608986975,84.25081635,1,3
5.855071922202427,-111.5,33.4,19.24663609,28.01215596,0.339339796,806.6627808,1,3
6.113682179832232,-122,37,13.18310398,67.05321101,2.171941254,81.91304016,1,2
6.212606095751519,-83.6,42.7,8.57469419,63.89495413,1.098160204,279.9338989,1,3
6.318968113746434,-78.7,35.9,15.40512232,94.05412844,1.698932469,96.75722504,0,2
6.3835066348840055,-78.6,35.8,15.40512232,94.05412844,2.156420352,96.75722504,1,3
6.364750756851911,-87.2,36.1,14.82522936,106.3435015,1.798114779,194.0680542,1,3
5.8971538676367405,-77.4,34.5,17.02928135,113.0198777,2.588734101,9.240040779,1,3
5.8664680569332965,-103.4,32.9,16.44350153,27.79571865,0.414483648,1132.539673,0,1
6.0473721790462776,-78.8,42.9,8.183027523,78.44388379,1.065982742,285.7919312,1,3
5.950642552587727,-82.3,29.7,20.72599388,115.0859327,3.247236528,36.76833344,1,3
6.393590753950631,-92.1,46.7,4.333103976,57.81360856,1.97471229,336.3366699,1,2
6.322565239927284,-122.6,45.5,10.72392966,91.80917431,1.927392495,120.6025009,1,4
5.976350909297934,-78.7,35.8,15.40512232,94.05412844,1.698932469,96.75722504,0,2
6.139884552226255,-76.6,39.3,12.43012232,89.19495413,1.302771058,92.84095764,0,3
6.206575926724928,-122.4,47.7,11.1014526,79.94380734,2.608986975,84.25081635,0,2
6.093569770045136,-97.3,31.2,19.59510703,66.32217125,0.972857358,175.5569458,1,3
5.934894195619588,-88.4,38.4,13.21796636,87.52683486,1.065225621,126.6911087,1,2
6.352629396319567,-78.9,36.1,14.54518349,92.76712538,1.698932469,137.7061157,1,3
6.169610732491456,-82.9,42.7,8.752599388,61.41047401,1.059168685,197.3336182,1,3
5.966146739123692,-71.4,42.4,9.388990826,94.63203364,1.966573293,52.88596344,1,1
6.371611847231857,-79.9,39.7,10.47224771,93.0866208,1.453058752,471.0052795,0,5
5.84354441703136,-123.2,44.6,10.75336391,91.75344037,1.420692009,144.807785,0,1
6.073044534100405,-87.8,43.5,7.990061162,63.14136086,1.151347664,187.468338,1,3
5.973809611869261,-85.8,38.2,13.52308869,93.08256881,1.143208663,181.5480499,0,1
5.796057750765372,-79.1,36,14.88906728,97.33899083,1.698932469,136.7336121,0,2
6.0867747269123065,-122,47.3,11.17285933,85.4941896,2.014082378,144.7330322,0,2
6.100318952020064,-106.5,35.1,9.141131498,30.73425076,0.621555117,1968.953003,0,2
6.1675164908883415,-117.1,32.7,16.81697248,22.42683486,1.389839487,103.6060028,0,4
6.021023349349527,-80.7,32.4,19.1353211,106.0122324,2.820033317,2.902759552,0,2
5.765191102784844,-117.9,33.7,16.28264526,34.18035168,1.13715173,232.911026,0,2
6.3473892096560105,-77.5,39.4,12.51139144,88.78639144,1.209267119,137.5811157,1,4
6.161207321695077,-80.3,40.6,9.712461774,79.61674312,1.754769841,331.8135986,1,3
6.180016653652572,-107.7,38,3.639831804,37.23990826,0.998599335,2571.946045,1,2
6.07073772800249,-119.3,46.3,11.28302752,16.49655963,0.91001666,254.50222780000001,0,2
5.820082930352362,-79.4,35.2,15.47018349,99.36460245,2.250870682,103.976387,1,2
5.963579343618446,-117.6,33.5,16.28264526,34.18035168,1.037212298,232.911026,1,4
6.163314804034641,-123.1,47.1,9.813073394,146.9873853,2.214339787,212,1,3
5.752572638825633,-118.5,34,13.37056575,39.35022936,1.220434586,619.3668823,1,3
6.4692503167957724,-79.8,36.1,14.56414373,88.55282875,1.67546184,225.6538849,1,3
6.07073772800249,-121.8,38.5,15.42813456,41.17079511,0.94541187,15.96166706,0,1
6.519147287940395,-81.3,35.8,15.03088685,98.2733945,2.611258339,330.7252808,1,3
6.3784261836515865,-92.3,39,12.78172783,79.97920489,1.027937615,221.4455566,0,3
6.016157159698354,-97.7,30.5,19.32316514,63.89571865,0.917398545,266.2280579,1,3
6.102558594613569,-101.6,35.6,14.32568807,37.12110092,0.450068143,1016.372192,1,3
6.234410725718371,-72.5,42.3,8.512844037,94.40588685,2.191815567,198.4830627,0,2
5.8289456176102075,-81.8,28.1,22.28088685,107.5657492,1.838809815,36.41972351,1,2
5.886104031450156,-120.5,40.3,9.422706422,34.1074159,0.355428528,1461.269775,1,3
5.993961427306569,-77.1,39,14.01888379,87.26605505,1.81817838,64.78483582,0,3
5.857933154483459,-115.2,36.3,17.15512232,11.21391437,0.206655058,991.2583618,1,3
5.68697535633982,-82.6,28.9,21.68035168,114.6341743,1.467822536,7.0221204759999996,1,2
6.171700597410915,-123.9,47,9.770107034,166.9626911,2.655549664,111.3550644,1,3
6.198478716492308,-77.1,39,14.01888379,87.26605505,1.81817838,64.78483582,1,4
5.886104031450156,-82.4,29.7,20.72599388,115.0859327,3.247236528,36.76833344,1,4
5.703782474656201,-74.9,41.5,8.993654434,99.50672783,2.081655058,268.7194519,1,5
6.159095388491933,-74.1,40.4,11.50688073,97.69892966,1.9166035830000001,30.44665909,0,3
6.240275845170769,-122.7,45.6,10.72392966,91.80917431,1.927392495,120.6025009,1,3
6.302618975744905,-74.4,40.8,11.15,97.4837156,2.2052544,60.80302048,0,3
6.240275845170769,-79.4,36.3,14.44793578,93.73470948,1.906382496,190.2480621,1,3
6.220590170099739,-71.4,41.7,9.993501529,93.25229358,2.145063591,30.41094589,1,2
6.111467339502679,-71.3,42.4,9.388990826,94.63203364,1.966573293,52.88596344,1,4
6.486160788944089,-77.8,40.8,9.469877676,80.85925076,2.201847367,372.6585999,1,3
5.634789603169249,-122.3,37.9,14.09617737,41.10183486,1.87041945,115.6696014,1,2
6.1092475827643655,-79.8,36.1,14.56414373,88.55282875,1.67546184,225.6538849,1,4
6.2324480165505225,-88.1,43.1,7.394495413,64.4940367,1.089074804,287.4455566,1,4
5.855071922202427,-77,35.5,15.74105505,103.4383028,1.708207147,13.31333351,1,3
6.082218910376446,-79.9,36,14.56414373,88.55282875,1.67546184,225.6538849,1,3
6.040254711277414,-122.1,37.9,14.09617737,41.10183486,1.317724109,115.6696014,0,3
6.472346294500901,-82,35.3,14.38103976,113.0635321,2.182730162,448.561676,1,1
6.095824562432225,-78.4,35.9,15.43333333,101.2742355,2.156420352,71.52583313,1,5
6.066108090103747,-78.8,35.8,15.40512232,94.05412844,1.698932469,96.75722504,1,4
6.416732282512326,-93.6,41.6,9.632492355,67.21873089,0.976075106,290.4547119,1,3
6.0112671744041615,-80.4,39.5,10.84633028,94.14067278,2.112318287,368.5216675,1,2
5.998936561946683,-121.9,37.5,13.85175841,44.68448012,1.116520292,247.8677826,1,4
5.940171252720432,-121.3,44.1,8.230428135,30.24136086,0.579345851,990.0255737,1,4
5.950642552587727,-78.4,36.1,14.41911315,95.66896024,2.156420352,100.1513901,1,2
5.963579343618446,-78.5,35.7,15.43333333,101.2742355,2.156420352,71.52583313,1,1
6.424869023905388,-71.5,42.5,7.73264526,92.51964832,1.966573293,205.5700073,1,3
6.018593214496234,-105.1,39.6,6.594877676,32.73715596,0.793231381,2119.006104,1,2
5.501258210544727,-78.5,35.6,15.40512232,94.05412844,1.471797392,96.75722504,1,3
6.236369590203704,-77.7,37.4,14.41674312,92.96659021,1.844488198,77.79194641,1,4
5.683579767338681,-91.6,43.9,7.465214067,63.08065749,0.917398551,335.3013916,1,1
5.659482215759621,-82.4,28,22.15588685,112.4344801,1.448705334,25.95861053,1,3
6.272877006546167,-81.3,35.8,15.03088685,98.2733945,2.611258339,330.7252808,1,3
6.434546518787453,-80.4,37.2,11.23807339,91.43340979,2.461538455,635.8566895,1,3
5.983936280687191,-82.4,29.7,20.72599388,115.0859327,3.247236528,36.76833344,1,3
6.253828811575473,-81,38.1,12.32943425,91.18149847,2.523054217,400.546936,1,4
5.342334251964811,-90.1,30,20.60412844,127.4941131,2.336803457,1.143264055,0,1
5.6937321388027,-97.9,30.5,20.15902141,63.98692661,0.917398545,210.0549927,1,4
6.333279628139691,-78.5,37.8,14.27522936,84.47683486,1.514006662,113.5241699,1,3
5.872117789475416,-122.3,47.6,11.1014526,79.94380734,2.608986975,84.25081635,0,1
6.317164686747284,-85.8,38.2,13.52308869,93.08256881,1.143208663,181.5480499,1,3
6.361302477572996,-76.7,41.7,7.348623853,79.87056575,1.709910661,477.8155518,1,2
5.908082938168931,-82.3,29.7,20.72599388,115.0859327,3.247236528,36.76833344,1,3
5.733341276897746,-122.9,48.1,9.832415902,159.474159,2.124810721,66.50154114,0,1
6.021023349349527,-77.9,34.2,17.57576453,113.565367,2.933790122,6.412473679,0,1
6.327936783729195,-83.1,42.3,9.307874618,67.98195719,1.139612358,191.672226,0,1
6.09807428216624,-79,35.9,14.88906728,97.33899083,1.698932469,136.7336121,0,2
5.986452005284438,-83.9,36.1,13.64006116,100.1743884,1.977740765,374.2161255,1,3
6.304448802421981,-88.7,32.4,18.00764526,115.3926606,2.125567839,115.2094421,1,2
6.1224928095143865,-97.4,32.7,18.83256881,69.65810398,0.82370533,197.8705597,1,3
6.42648845745769,-74,40.7,11.15,97.4837156,2.213204125,60.80302048,0,3
6.329720905522696,-77.1,38.8,14.01888379,87.26605505,1.81817838,64.78483582,0,3
5.945420608606575,-122.3,37.8,14.09617737,41.10183486,1.87041945,115.6696014,0,2
6.444131256700441,-76.9,39,13.6970948,90.40053517,1.81817838,37.22084808,1,2
6.156978985585555,-122.4,37.8,14.09617737,41.10183486,1.87041945,115.6696014,0,2
5.8664680569332965,-79,36,14.44793578,93.73470948,1.698932469,190.2480621,1,3
5.8944028342648505,-73.2,44.5,6.708715596,74.17110092,1.360501207,70.81639099,0,2
6.137727054086234,-73.3,40.9,11.28631498,95.98723242,2.179701704,28.31988716,1,5
6.272877006546167,-90.7,33.7,17.32943425,108.7146024,1.240498185,40.30333328,0,2
6.052089168924417,-78.5,38,12.62285933,80.3851682,1.514006662,400.1588745,1,4
6.1224928095143865,-71.4,42.4,9.388990826,94.63203364,1.966573293,52.88596344,1,5
5.8805329864007,-78.7,35.8,15.40512232,94.05412844,1.698932469,96.75722504,0,1
6.133398042996649,-105,39.7,6.594877676,32.73715596,0.720737433,2119.006104,0,1
6.2166061010848646,-75.2,40,12.40282875,91.6633792,1.236334048,25.62282181,0,1
6.335054251498059,-87.1,36.5,14.82522936,106.3435015,1.171221988,194.0680542,1,3
6.309918278226516,-73.2,41.8,8.895259939,98.1559633,2.138249549,266.0041809,1,2
5.771441123130016,-78.9,36,15.40512232,94.05412844,1.698932469,96.75722504,1,2
6.263398262591624,-83.7,42.3,9.459633028,65.69365443,1.064468505,253.6655579,0,1
6.1903154058531475,-73.7,42.8,8.571865443,80.23876147,2.103043601,122.0966644,0,3
6.061456918928017,-117.7,34.1,11.98409786,47.55840979,1.13715173,1048.727539,0,1
6.220590170099739,-77.1,39,14.01888379,87.26605505,1.81817838,64.78483582,1,4
6.336825731146441,-84.5,39.1,11.84640673,83.892737,1.131284071,232.9349976,0,3
5.631211781821365,-111.7,33.2,20.79296636,19.419266060000002,0.286909448,425.6875,1,3
6.3578422665081,-92.2,38.5,12.78172783,79.97920489,1.404792553,221.4455566,1,4
6.0112671744041615,-122.7,38.2,13.79816514,72.84296636,2.483494848,120.170105,1,3
6.023447592961033,-71.6,42.8,7.73264526,92.51964832,2.227400058,205.5700073,0,2
6.1070228877422545,-119.3,36.3,17.49426606,20.24648318,1.370722294,110.3272247,1,5
6.052089168924417,-123.1,44,11.24938838,101.1090214,1.340248341,161.2072296,1,3
6.142037405587356,-105,39.7,6.594877676,32.73715596,0.720737433,2119.006104,1,3
6.137727054086234,-71.8,41.7,9.4659785930000009,97.09472477,1.849030885,116.9283371,1,2
6.091309882077698,-122.5,47.2,11.17285933,85.4941896,2.186705014,144.7330322,1,3
6.063785208687608,-74.1,40.7,11.15,97.4837156,2.213204125,60.80302048,0,1
5.648974238161206,-74,40.7,11.15,97.4837156,2.213204125,60.80302048,0,1
5.552959584921617,-106.6,35.1,10.76146789,26.16360856,0.621555117,1708.676392,0,1
6.248042874508429,-93,43.7,6.743730887,65.97629969,1.001438524,395.8069458,1,3
6.052089168924417,-78.8,35.8,15.40512232,94.05412844,1.698932469,96.75722504,1,4
6.295266001439646,-71.2,42.6,8.609633028,89.07270642,1.966573293,59.06277847,0,1
6.298949246855942,-89.2,42.9,7.887996942,67.07033639,1.038347971,271.980011,1,4
6.327936783729195,-78.6,35.4,15.98998471,99.99847095,1.471797392,53.32805634,1,3
6.171700597410915,-94.3,35.2,16.32010703,85.62285933,1.9118716,174.3233337,1,3
6.042632833682381,-77.2,38.9,14.01888379,87.26605505,1.25412629,64.78483582,1,3
5.993961427306569,-81.8,26.3,23.8838685,109.0504587,2.157934589,3.304095984,1,3
6.26530121273771,-88.9,42.8,7.872094801,67.19847095,1.084532102,274.6097107,1,3
6.385194398997726,-77.5,37.5,14.20412844,94.11980122,1.931935193,35.59749985,1,4
6.1463292576688975,-80.7,33.4,18.16391437,98.39495413,2.034335257,37.77555466,1,3
6.208590026096629,-116.5,43.7,9.471559633,35.03555046,1.093049672,1087.946655,1,3
6.289715570908998,-88.2,43.1,7.394495413,64.4940367,1.089074804,287.4455566,1,4
6.206575926724928,-97.6,38.8,13.16643731,57.76880734,0.715248335,423.534729,1,4
5.645446897643238,-95.4,29.8,20.45542813,93.55756881,2.567534829,14.17661858,0,1
6.161207321695077,-92.1,30.2,20.15053517,130.1804281,1.507949731,8.52305603,0,1
6.311734809152915,-86.7,34.7,15.94151376,114.7675076,1.581957906,220.6450043,0,2
6.251903883165888,-77,39,14.01888379,87.26605505,1.81817838,64.78483582,0,2
6.311734809152915,-78.9,39.3,11.51085627,81.63058104,2.057427327,401.2008362,1,3
6.340359303727752,-80.5,35.7,15.24342508,92.16062691,2.060455779,225.508606,1,4
6.159095388491933,-77,38.9,14.01888379,87.26605505,1.81817838,64.78483582,0,4
6.100318952020064,-78.8,35.6,15.40512232,94.05412844,1.824235313,96.75722504,1,3
6.073044534100405,-122.4,47.1,11.17285933,85.4941896,2.186705014,144.7330322,1,4
6.075346031088684,-78.7,35.8,15.40512232,94.05412844,1.698932469,96.75722504,1,3
5.8664680569332965,-76.6,39.4,12.43012232,89.19495413,1.302771058,92.84095764,0,2
6.082218910376446,-122.2,47.7,11.1014526,79.94380734,2.608986975,84.25081635,1,5
5.572154032177765,-77.4,39,14.01888379,87.26605505,1.25412629,64.78483582,0,2
6.018593214496234,-90.5,38.7,13.017737,77.81299694,1.078664447,169.9763947,1,4
5.926926025970411,-77,38.9,14.01888379,87.26605505,1.81817838,64.78483582,0,1
5.71042701737487,-79.1,35.9,14.88906728,97.33899083,1.698932469,136.7336121,0,1
6.2285110035911835,-97.2,37.7,13.80764526,65.90351682,0.809509391,409.2113953,1,3
6.302618975744905,-86.1,39.7,11.55114679,84.20955657,1.042322838,247.0333405,1,2
5.351858133476067,-112.4,34.8,14.70405199,31.05535168,0.927430349,1504.068359,1,2
5.736572297479192,-121.7,37.7,13.85175841,44.68448012,1.317724109,247.8677826,1,4
5.53338948872752,-111,32.2,20.41834862,22.03715596,0.306405209,762.9927979,1,3
6.045005314036012,-70.7,42.1,9.383715596,94.2704893,1.41387795,22.84713936,1,4
6.023447592961033,-80.1,42.1,9.101911315,78.14487768,1.72410661,188.9750061,1,3
6.152732694704104,-79,36.2,14.54518349,92.76712538,2.011053903,137.7061157,1,3
6.364750756851911,-79.1,35.9,14.88906728,97.33899083,1.698932469,136.7336121,1,1
5.857933154483459,-117.6,34.1,11.98409786,47.55840979,1.13715173,1048.727539,0,3
6.030685260261263,-122.5,37.9,13.36735474,74.6293578,1.87041945,176.9082031,0,2
6.272877006546167,-77.1,38.9,14.01888379,87.26605505,1.81817838,64.78483582,1,4
6.386879319362645,-73.4,42.3,7.741896024,99.82844037,2.121403695,394.9091797,1,2
6.3578422665081,-84.5,38,12.78448012,93.83784404,1.278921863,269.7555542,0,1
5.700443573390687,-116.7,33.7,13.26093272,41.88310398,0.383252575,1021.055298,1,3
5.6240175061873385,-122.4,47.6,11.1014526,79.94380734,2.186705014,84.25081635,1,5
5.971261839790462,-78.7,35.8,15.40512232,94.05412844,1.698932469,96.75722504,1,3
6.376726947898627,-88.3,42.2,8.596559633,69.1764526,1.090589041,253.6741638,1,2
5.924255797414532,-94.2,36.3,14.68279817,94.02966361,1.059547246,379.7380676,1,4
6.371611847231857,-83.7,42.5,8.57469419,63.89495413,1.064468505,279.9338989,0,2
5.950642552587727,-97.1,36.1,15.92423547,72.7720948,0.804209571,311.9710999,1,3
5.886104031450156,-106.5,35.1,10.76146789,26.16360856,0.621555117,1708.676392,1,3
5.834810737062605,-106.4,31.9,17.76001529,15.66261468,0.250946397,1230.810791,1,3
5.700443573390687,-118.5,34,14.72262997,37.28784404,1.220434586,389.5596313,1,3
6.29156913955832,-86.8,33.9,16.87836391,112.5380734,1.309395824,195.946106,1,4
5.71042701737487,-84.2,34,16.65221713,102.9034404,2.095661718,274.2244568,1,4
5.594711379601839,-79.1,36.1,14.44793578,93.73470948,1.698932469,190.2480621,1,2
5.730099782973574,-95.8,29.7,20.75198777,86.00351682,1.898432769,34.68111038,1,4
6.0112671744041615,-78.9,35.8,15.40512232,94.05412844,1.698932469,96.75722504,1,2
5.700443573390687,-85.2,34.3,15.66620795,118.7213303,1.929663839,239.2244415,1,4
5.998936561946683,-95.8,39,12.34373089,72.97117737,0.814619926,316.5869446,1,4
6.4425401664681985,-79,35.8,15.40512232,94.05412844,1.698932469,96.75722504,1,3
6.20455776256869,-122.1,37.4,13.79136086,51.00313456,2.266391583,253.009201,1,3
5.648974238161206,-88,40.5,11.13723242,78.97140673,0.96831466,210.2169495,1,2
6.408528791059498,-87,34.1,16.19992355,114.6098624,1.309395824,218.1261139,1,3
5.973809611869261,-122.9,47.6,10.28356269,89.03990826,2.124810721,162.8851624,1,2
6.413458957167357,-88.3,40.1,10.87507645,78.84464832,0.858911267,223.2963867,1,2
6.159095388491933,-78.5,35.9,15.40512232,94.05412844,2.156420352,96.75722504,1,4
5.8664680569332965,-122.5,37.8,14.09617737,41.10183486,1.87041945,115.6696014,0,2
6.39024066706535,-91.6,42,8.786391437,68.489908260000007,1.016770145,275.0544434,1,4
6.452048954437226,-89,38.5,13.29954128,85.90045872,1.10686705,146.5675049,1,2
6.054439346269371,-77,38.9,13.6970948,90.40053517,1.81817838,37.22084808,0,2
6.413458957167357,-80.6,41,9.272324159,74.83631498,1.774644156,303.0150146,1,3
6.129050210060545,-78.8,35.8,15.40512232,94.05412844,1.698932469,96.75722504,1,3
5.8377304471659395,-111,32.3,17.99931193,28.01154434,0.306405209,1157.947266,1,2
6.226536669287466,-92.6,44.1,6.783639144,59.71819572,1.044594181,350.5422363,1,2
5.556828061699537,-81.1,38.1,12.32943425,91.18149847,2.523054217,400.546936,1,2
6.318968113746434,-91.7,42.2,8.786391437,68.489908260000007,0.913802242,275.0544434,1,4
6.373319789577012,-80.1,42.1,9.101911315,78.14487768,1.72410661,188.9750061,1,3
6.175867270105761,-111.9,40.8,6.855657492,47.03340979,0.75726832,1931.035034,1,3
6.35088571671474,-78.5,38.1,13.49181957,87.03302752,1.514006662,194.8988953,0,3
5.968707559985366,-109.9,31.4,15.68608563,28.77392966,0.307162327,1400.406128,1,2
6.349138991379798,-76.8,40.4,10.84579511,84.23723242,1.714264089,164.0541687,1,3
5.924255797414532,-122.3,47.7,11.1014526,79.94380734,2.608986975,84.25081635,0,1
5.652489180268651,-79.1,39.6,9.591972477,97.16070336,2.057427327,684.3983154,1,1
6.244166900663736,-79.1,35.9,14.88906728,97.33899083,1.698932469,136.7336121,1,4
6.129050210060545,-105.1,40,6.594877676,32.73715596,0.720737433,2119.006104,1,3
5.961005339623274,-106.3,35.2,9.141131498,30.73425076,0.532404604,1968.953003,1,2
6.2166061010848646,-84.3,33.9,16.65221713,102.9034404,2.095661718,274.2244568,1,2
6.025865973825314,-78.6,35.9,15.40512232,94.05412844,2.156420352,96.75722504,1,3
6.3784261836515865,-83,40,10.11330275,77.9633792,1.082828585,285.2580566,0,2
5.8944028342648505,-121.3,44,8.230428135,30.24136086,0.579345851,990.0255737,0,3
6.1092475827643655,-74,40.6,11.81796636,92.61200306,2.213204125,23.8580265,0,2
6.536691597591305,-83,40.1,10.11330275,77.9633792,1.082828585,285.2580566,1,4
6.133398042996649,-97.4,31.1,19.59510703,66.32217125,0.87992126,175.5569458,1,3
6.169610732491456,-96.8,33.1,18.26253823,79.21972477,0.778656872,194.1074982,1,4
6.403574197934815,-79.3,35.8,14.88906728,97.33899083,1.297092668,136.7336121,1,2
6.236369590203704,-77.5,39,12.51139144,88.78639144,1.25412629,137.5811157,0,3
6.42648845745769,-80.1,40.7,9.712461774,79.61674312,2.056859474,331.8135986,1,4
6.163314804034641,-89.1,45.9,3.641360856,65.44954128,2.103990007,499.3041687,1,4
6.16541785423142,-116.3,33.7,19.14327217,12.92752294,0.121290128,567.0177612,1,3
6.340359303727752,-89.5,43.1,7.131957187,66.57591743,1.038347971,294.9661255,0,1
6.436150368369428,-78.8,35.6,15.40512232,94.05412844,1.824235313,96.75722504,1,4
6.411818267709897,-78.7,37.7,13.8103211,83.39036697,2.266013008,238.8325043,1,2
6.180016653652572,-78.9,35.9,15.40512232,94.05412844,1.698932469,96.75722504,0,3
6.234410725718371,-116.6,48.3,5.382568807,70.92737003,1.670351305,902.4277954,1,4
6.1675164908883415,-78.7,35.8,15.40512232,94.05412844,1.698932469,96.75722504,0,3
6.3561076606958915,-71.4,41.8,9.993501529,93.25229358,2.145063591,30.41094589,0,3
5.942799375126701,-81.1,32,19.11391437,102.441208,2.431253787,11.96749973,1,3
6.306275286948016,-96.2,33.6,17.49556575,85.98761468,1.026612659,183.4102783,1,1
6.322565239927284,-79.2,36.1,14.44793578,93.73470948,1.297092668,190.2480621,1,3
6.447305862541213,-78.7,36.2,14.54518349,92.76712538,2.011053903,137.7061157,1,2
6.238324625039508,-97.4,32.7,18.83256881,69.65810398,0.82370533,197.8705597,1,1
6.352629396319567,-88.2,41.8,9.353211009,74.33493884,1.097781639,214.6983337,1,4
6.238324625039508,-94.7,39,13.17729358,80.94074924,1.102135071,304.1794434,0,2
5.929589143389895,-122.7,42.2,9.905351682,55.9912844,2.349295876,935.2175293,1,3
5.75890177387728,-95.1,29.5,20.45542813,93.55756881,1.584039977,14.17661858,1,4
6.26530121273771,-93.2,45,6.540137615,59.26934251,0.919291337,278.4336243,0,2
6.293419278846481,-86.3,39.9,11.55114679,84.20955657,0.90433828,247.0333405,1,3
6.470799503782602,-85.8,41.6,9.789831804,74.87866972,1.100431555,256.8083191,1,3
6.331501849893691,-78.5,38.3,13.49181957,87.03302752,2.043231376,194.8988953,1,3
5.808142489980444,-117.9,33.9,16.28264526,34.18035168,1.13715173,232.911026,0,1
6.413458957167357,-76.8,40.3,10.84579511,84.23723242,1.714264089,164.0541687,1,3
5.978885764901122,-72.2,43.8,5.602828746,84.04648318,2.034903087,337.3477783,1,3
6.450470422144176,-76.7,36.2,15.66001529,105.7861621,1.617542399,8.586108208,1,3
6.298949246855942,-91.4,44.9,6.476376147,63.22362385,1.206427925,306.4425049,1,3
6.1224928095143865,-97.4,32.6,18.83256881,69.65810398,0.931783768,197.8705597,1,4
6.489204931325317,-74,40.2,11.50688073,97.69892966,1.9166035830000001,30.44665909,1,2
6.302618975744905,-83.7,42.6,8.57469419,63.89495413,1.064468505,279.9338989,1,5
6.3818160174060985,-74.9,41,9.860703364,99.49067278,1.925310425,165.7169495,1,2
6.311734809152915,-84.3,33.9,16.65221713,102.9034404,2.095661718,274.2244568,1,3
6.230481447578482,-77.1,38.9,14.01888379,87.26605505,1.81817838,64.78483582,0,1
6.230481447578482,-72.7,41.5,10.34686544,95.24885321,2.060077225,71.99263763,0,2
6.456769655572163,-78.5,35.9,15.40512232,94.05412844,2.156420352,96.75722504,1,3
6.20455776256869,-83.3,42.3,9.307874618,67.98195719,1.165732887,191.672226,1,2
6.421622267806518,-75.7,40,11.8103211,92.14327217,1.691739853,81.75190735,1,5
6.12029741895095,-78.9,36,14.54518349,92.76712538,1.698932469,137.7061157,1,4
6.184148890937483,-71.4,42.5,8.609633028,89.07270642,1.966573293,59.06277847,1,4
6.423246963533519,-78.7,39.7,10.97400612,86.025,1.896729252,486.1616516,1,4
6.061456918928017,-122,37,13.18310398,67.05321101,2.171941254,81.91304016,0,1
6.380122536899765,-79.1,36.1,14.44793578,93.73470948,1.698932469,190.2480621,1,3
6.398594934535208,-84.5,38,12.78448012,93.83784404,1.278921863,269.7555542,1,5
6.118097198041348,-119.8,34.4,14.03287462,28.1837156,1.6612659,285.3345032,1,3
6.059123195581797,-117.2,32.8,16.81697248,22.42683486,1.389839487,103.6060028,1,3
6.363028103540465,-89.4,43.1,7.432874618,66.84411315,1.038347971,284.4916687,1,5
5.823045895483019,-69.5,44.2,6.671330275,95.28608563,1.977551487,68.29943848,1,2
5.476463551931511,-82.6,27.7,22.52897554,113.0506116,1.467443971,4.501904964,1,3
6.368187186350492,-72.5,42.4,8.512844037,94.40588685,2.191815567,198.4830627,1,3
5.641907070938114,-105.2,39.7,6.594877676,32.73715596,0.677392489,2119.006104,1,3
5.811140992976701,-87.2,30.5,19.70512232,128.8840979,2.464377652,45.30992508,1,4
6.1070228877422545,-105.1,40,7.221100917,32.97201835,0.720737433,1912.255859,1,3
6.068425588244111,-96.3,30.8,20.41727829,82.12798165,1.094374625,93.21138763,1,3
6.39024066706535,-85.5,42.5,8.954969419,70.29801223,1.080746513,255.1641693,1,3
6.317164686747284,-78.9,35.9,15.40512232,94.05412844,1.698932469,96.75722504,1,5
6.091309882077698,-75.6,41.4,8.634938838,85.03348624,1.668079956,424.4169312,0,2
6.214608098422191,-121.9,37.7,13.85175841,44.68448012,1.317724109,247.8677826,0,2
6.26530121273771,-118.5,34.2,13.37056575,39.35022936,0.314922775,619.3668823,0,3
6.021023349349527,-97.7,30.2,20.15902141,63.98692661,0.917398545,210.0549927,1,3
6.4457198193855785,-79.9,36.4,14.56414373,88.55282875,2.215286197,225.6538849,1,2
6.493753839851686,-76.2,43,8.518042813,80.44411315,1.372615081,138.4844513,0,3
6.240275845170769,-81.7,38.4,12.77094801,90.53218654,1.867201694,299.37945560000003,1,3
5.993961427306569,-73.5,40.7,11.81796636,92.61200306,2.179701704,23.8580265,1,4
5.993961427306569,-74,40.8,11.81796636,92.61200306,2.213204125,23.8580265,0,2
6.2766434893416445,-77.2,38.3,13.70894495,87.8366208,1.908086011,35.61510468,0,3
6.298949246855942,-80,32.7,18.67018349,102.3242355,2.986409751,3.003220558,1,3
6.375024819828097,-75.8,40,11.8103211,92.14327217,1.691739853,81.75190735,1,2
6.386879319362645,-94.9,39.3,12.5912844,79.44044343,1.116898854,272.7763977,1,2
6.222576268071369,-74.8,40.2,11.35496942,95.97515291,2.082980009,41.57500076,1,4
6.38856140554563,-74,40.8,11.81796636,92.61200306,2.213204125,23.8580265,0,1
6.180016653652572,-70.2,44.1,5.749541284,99.1690367,2.157556027,138.2166595,0,1
5.814130531825066,-71.2,42.5,9.388990826,94.63203364,1.966573293,52.88596344,1,3
6.508769136971682,-73.8,41.1,10.60825688,101.411315,1.980012111,127.7934723,1,3
6.214608098422191,-95.4,29.8,20.45542813,93.55756881,2.567534829,14.17661858,0,2
6.371611847231857,-86,39.4,11.52247706,87.31085627,1.085099943,225.4174957,1,3
6.278521424165844,-79.2,36,14.44793578,93.73470948,1.297092668,190.2480621,1,3
6.447305862541213,-80.4,37.8,11.32094801,85.03470948,2.388098124,694.7855835,1,3
6.142037405587356,-77,39,12.51139144,88.78639144,1.81817838,137.5811157,1,3
5.961005339623274,-123.1,46.1,9.332415902,129.1902141,2.774417026,276.848938,1,3
6.082218910376446,-122.2,47.7,11.1014526,79.94380734,2.608986975,84.25081635,1,3
6.226536669287466,-81.1,35.8,15.03088685,98.2733945,1.682843725,330.7252808,1,3
6.274762021241939,-122.7,45.6,10.72392966,91.80917431,1.927392495,120.6025009,1,3
6.037870919922137,-96.7,32.9,18.8132263,75.17469419,0.778656872,155.8502808,1,4
6.261491684321042,-78.8,43,8.608792049,67.8601682,1.065982742,123.3691635,1,3
6.054439346269371,-84.4,33.8,16.65221713,102.9034404,2.095661718,274.2244568,0,1
6.502790045915623,-76.6,39.3,12.43012232,89.19495413,1.302771058,92.84095764,0,1
6.056784013228625,-122.3,37.6,14.09617737,41.10183486,2.266391583,115.6696014,1,4
6.082218910376446,-103.8,36.8,9.773776758,30.99373089,0.40956239,1912.366943,0,2
6.186208623900494,-79,40.1,10.39648318,92.68058104,1.896729252,508.3613892,1,4
6.298949246855942,-78.6,36.1,14.54518349,92.76712538,2.156420352,137.7061157,1,3
6.481577129276431,-78.8,38.7,11.79862385,79.49663609,1.97944428,472.2047119,1,3
6.030685260261263,-105.8,32.8,11.21567278,34.46146789,1.321320413,2038.452759,0,3
6.483107351457199,-84.6,38.2,12.66391437,90.56704893,1.379807691,245.2419434,1,3
6.421622267806518,-90.6,38.8,13.017737,77.81299694,1.078664447,169.9763947,1,4
6.406879986069314,-76.7,39.4,12.43012232,89.19495413,1.041944274,92.84095764,1,5
6.391917113392602,-74.2,40.8,11.15,97.4837156,2.2052544,60.80302048,1,3
6.371611847231857,-83.8,40.8,9.819495413,75.13646789,0.948440342,279.1394348,0,4
6.175867270105761,-80.1,39.5,11.09159021,97.83394495,2.201279529,395.1316528,1,2
6.333279628139691,-79,35.2,15.98998471,99.99847095,1.824235313,53.32805634,1,2
5.780743515792329,-122.2,37.4,13.79136086,51.00313456,2.266391583,253.009201,1,5
6.202535517187923,-111.9,40.8,6.855657492,47.03340979,0.75726832,1931.035034,1,4
4.912654885736052,-90.1,29.9,20.60412844,127.4941131,2.336803457,1.143264055,1,3
5.8805329864007,-111.9,33.4,20.79296636,19.419266060000002,0.286909448,425.6875,1,3
6.12029741895095,-82.7,28,22.52897554,113.0506116,1.467443971,4.501904964,1,3
6.576469569048224,-80.5,37.2,11.23807339,91.43340979,2.461538455,635.8566895,1,3
6.259581464064923,-79.3,37.4,13.87331804,84.83990826,2.352892185,229.5341644,1,4
5.991464547107982,-118.3,34.1,13.37056575,39.35022936,1.220434586,619.3668823,1,4
6.395261598115449,-84.4,42.8,8.400764526,64.10405199,1.072228953,265.9377747,1,3
6.07993319509559,-116.2,43.6,9.471559633,35.03555046,0.585970623,1087.946655,1,4
6.113682179832232,-79.2,36,14.88906728,97.33899083,1.297092668,136.7336121,1,3
6.234410725718371,-70.8,43,7.835168196,86.6293578,2.554663841,58.28284073,0,2
6.150602768446279,-97.5,35.4,16.26712538,68.88975535,0.639725923,344.3697205,1,4
6.274762021241939,-86.7,34.7,15.94151376,114.7675076,1.581957906,220.6450043,1,3
6.198478716492308,-76.7,39.2,12.43012232,89.19495413,1.041944274,92.84095764,1,3
5.831882477283517,-78.9,36,14.54518349,92.76712538,1.698932469,137.7061157,1,2
6.22455842927536,-93.3,37.2,13.6440367,86.23493884,1.172736221,381.5116577,1,2
6.293419278846481,-78.4,38.2,13.49181957,87.03302752,2.043231376,194.8988953,1,4
6.259581464064923,-121.9,37.3,12.78998471,51.68119266,1.116520292,378.8544312,1,2
6.18826412308259,-78.4,35.9,15.43333333,101.2742355,2.156420352,71.52583313,1,3
6.0473721790462776,-118.3,34.1,13.37056575,39.35022936,1.220434586,619.3668823,0,1
6.306275286948016,-86,42.7,8.922247706,69.87117737,1.282518173,184.8455505,1,4
6.023447592961033,-88.8,41.9,9.293730887,70.24816514,0.941437009,238.2258301,0,2
6.126869184114185,-83.7,42.2,9.459633028,65.69365443,1.064468505,253.6655579,0,1
6.1070228877422545,-73.9,40.8,11.81796636,92.61200306,2.213204125,23.8580265,0,1
6.300785794663244,-80.4,33.6,17.50649847,93.68195719,1.484479106,37.58027649,1,3
6.251903883165888,-78.7,35.8,15.40512232,94.05412844,1.698932469,96.75722504,1,3
6.194405391104672,-97.1,36.7,15.65344037,68.68027523,0.661303755,316.9041748,1,2
6.16541785423142,-122.4,40.6,15.58409786,81.6911315,1.407063904,448.0766602,1,3
6.431331081933479,-76.5,38.3,14.05825688,92.97469419,1.480693521,20.28196335,1,4
6.375024819828097,-76.6,39.1,12.43012232,89.19495413,1.377914896,92.84095764,1,5
6.3473892096560105,-88.9,34.4,16.36276758,115.5474771,1.259047547,108.047226,1,5
6.366470447731438,-73.2,41.2,10.10603976,98.2043578,1.867390972,109.4050751,0,2
6.333279628139691,-88.4,37.8,13.97438838,95.6587156,1.0021956380000001,127.8700027,1,3
5.932245187448011,-78.9,40.3,9.952752294,93.27461774,1.989854635,592.1291504,1,2
6.490723534502507,-78.9,36,14.54518349,92.76712538,1.698932469,137.7061157,0,2
6.0330862217988015,-80.9,35.8,15.27186544,92.63700306,1.682843725,250.0280609,1,4
6.175867270105761,-71.2,42.4,9.388990826,94.63203364,1.966573293,52.88596344,0,2
6.3473892096560105,-76.5,39.4,12.43012232,89.19495413,1.302771058,92.84095764,1,2
6.152732694704104,-105.2,40.4,7.221100917,32.97201835,0.616823138,1912.255859,1,4
6.1779441140506,-74.8,42.8,6.766437309,88.5733945,2.183676564,429.188324,1,5
5.771441123130016,-82.9,31.7,18.88845566,101.3146024,2.469298906,66.7444458,1,2
6.267200548541362,-94.3,45.3,6.272400612,55.85558104,0.875189278,329.8183289,1,4
6.376726947898627,-93.6,42,8.909785933,65.98272171,0.89222441,329.9030457,1,2
6.428105272684596,-85.4,42.9,8.954969419,70.29801223,1.150779826,255.1641693,1,3
6.2766434893416445,-80,42.1,8.689296636,87.49617737,1.72410661,305.3861084,1,3
6.210600077024653,-105.1,40.2,7.221100917,32.97201835,0.616823138,1912.255859,1,3
6.398594934535208,-79.1,35.9,14.88906728,97.33899083,1.698932469,136.7336121,1,3
6.20050917404269,-111.7,40.3,8.843425076,35.4175841,0.876892793,1686.370239,1,3
6.520621127558696,-74.1,41.6,9.274006116,94.33455657,1.980012111,246.6316681,1,4
5.568344503761097,-107,40.8,1.492584098,37.09388379,0.482245612,2724.314941,1,3
6.089044875446846,-122.2,47.7,11.1014526,79.94380734,2.608986975,84.25081635,0,2
5.958424693029782,-74.5,41,9.651223242,104.2791284,2.2052544,196.3524933,1,3
6.077642243349034,-107.6,37.3,6.191207951,37.35443425,0.816323447,2301.657959,1,3
6.437751649736401,-87.9,43.5,7.990061162,63.14136086,1.151347664,187.468338,1,3
6.361302477572996,-79.1,36.1,14.44793578,93.73470948,1.698932469,190.2480621,1,3
6.0063531596017325,-121.9,37.5,12.78998471,51.68119266,1.116520292,378.8544312,1,4
6.248042874508429,-122.5,45.5,9.534633028,171.5379205,2.360463346,457.9377747,1,4
6.483107351457199,-78.3,37.7,14.27522936,84.47683486,1.514006662,113.5241699,1,3
6.07073772800249,-108.7,39.1,9.066896024,22.41406728,0.420162023,1721.291138,1,4
6.263398262591624,-79,35.9,14.88906728,97.33899083,1.698932469,136.7336121,1,5
6.444131256700441,-74.8,40.3,11.35496942,95.97515291,2.082980009,41.57500076,1,2
6.248042874508429,-78.6,35.8,15.40512232,94.05412844,2.156420352,96.75722504,1,3
6.09807428216624,-73.2,44.5,6.708715596,74.17110092,1.360501207,70.81639099,1,4
5.645446897643238,-72.5,42.4,8.512844037,94.40588685,2.191815567,198.4830627,1,3
6.082218910376446,-81.8,36.2,11.02828746,96.86842508,1.903354024,948.1744385,1,3
6.202535517187923,-122,37,13.18310398,67.05321101,2.171941254,81.91304016,1,3
6.26530121273771,-71.2,42.4,9.388990826,94.63203364,1.966573293,52.88596344,0,2
6.023447592961033,-80.1,33,17.87706422,100.5048165,2.986409751,21.74305534,1,3
6.320768294250582,-78.6,35.9,15.40512232,94.05412844,1.698932469,96.75722504,0,2
6.324358962381311,-80.9,35.2,16.00198777,93.89120795,1.29519988,201.6608276,1,3
6.082218910376446,-106.7,35.1,10.76146789,26.16360856,0.281041793,1708.676392,1,4
6.163314804034641,-89.4,31.5,18.38256881,119.1644495,2.133517574,89.10722351,1,3
5.998936561946683,-117.1,33.1,16.05298165,31.79816514,0.919669899,248.2855225,1,4
5.746203190540153,-74.4,40.8,11.15,97.4837156,2.2052544,60.80302048,1,4
6.366470447731438,-84.3,33.8,16.65221713,102.9034404,2.095661718,274.2244568,1,2
6.285998094508865,-84.8,31.1,18.91666667,116.3444954,1.191285587,58.92527771,1,4
6.366470447731438,-69.3,44.6,5.475840979,92.17576453,1.977551487,105.7155533,0,2
6.302618975744905,-72.6,42.1,8.512844037,94.40588685,2.191815567,198.4830627,1,3
6.19644412779452,-82.4,29.6,20.72599388,115.0859327,3.247236528,36.76833344,1,3
6.095824562432225,-75.3,40.3,10.94327217,95.8601682,1.164029377,100.8869476,1,4
5.958424693029782,-122.1,47.6,11.1014526,79.94380734,2.186705014,84.25081635,0,2
5.863631175598097,-122.2,37.9,14.09617737,41.10183486,1.87041945,115.6696014,1,5
5.940171252720432,-85.2,39.4,11.38394495,87.39984709,1.071850393,282.6941528,1,4
6.335054251498059,-96,41.2,10.21437309,57.74778287,0.974182318,356.3033447,1,3
5.955837369464831,-122.3,38.1,14.24908257,60.2470948,1.87041945,143.1794128,0,2
6.309918278226516,-88.5,44.4,6.783256881,62.61873089,1.06465778,242.2583313,1,4
6.295266001439646,-84.1,36.1,13.31544343,112.3767584,1.977740765,463.2702637,0,1
6.218600119691729,-78.8,39.3,11.51085627,81.63058104,2.057427327,401.2008362,1,4
6.408528791059498,-72.4,41.8,9.280504587,102.9594801,2.031117504,150.3586121,1,3
6.222576268071369,-78.7,40.4,9.952752294,93.27461774,1.989854635,592.1291504,1,3
6.35088571671474,-71.2,42.5,9.388990826,94.63203364,1.966573293,52.88596344,1,4
5.942799375126701,-71.8,42.2,8.581116208,98.13524465,2.157934581,170.2480621,0,2
6.434546518787453,-83.1,40,10.11330275,77.9633792,1.092860389,285.2580566,1,3
5.978885764901122,-112.4,42.9,6.184021407,28.33807339,0.659221686,1764.827515,0,2
5.730099782973574,-81.2,38,11.37408257,89.55107034,2.322796796,670.7394409,1,4
6.437751649736401,-79,36,15.40512232,94.05412844,1.698932469,96.75722504,1,4
6.2324480165505225,-97,47.9,4.127217125,39.87538226,0.713923382,284.3241577,1,3
6.0473721790462776,-90,43.5,7.018501529,64.64464832,1.096645971,317.8644409,0,2
6.169610732491456,-78.9,38.4,12.62285933,80.3851682,1.46952605,400.1588745,1,2
5.8888779583328805,-96.7,33,18.26253823,79.21972477,0.778656872,194.1074982,1,3
6.124683390894205,-74.9,41.3,8.993654434,99.50672783,2.081655058,268.7194519,1,4
6.131226489483141,-88.5,39.1,12.35688073,82.25787462,1.090589041,184.4180603,1,4
5.91350300563827,-96.8,33,18.8132263,75.17469419,0.778656872,155.8502808,1,4
6.12029741895095,-85.4,38.4,12.27905199,96.61666667,1.920199875,229.5286102,1,4
5.7745515455444085,-89,42.5,7.872094801,67.19847095,1.058033012,274.6097107,1,4
6.018593214496234,-78.6,36.3,14.54518349,92.76712538,1.448705327,137.7061157,1,3
6.274762021241939,-93.2,44.9,7.233333333,59.23409786,0.919291337,284.1616516,1,3
6.428105272684596,-93.1,37.2,13.6440367,86.23493884,1.225923686,381.5116577,1,3
6.338594078203183,-79.9,37.3,13.63547401,88.97614679,2.506019069,358.2038879,1,4
6.07073772800249,-97.5,35.3,16.26712538,68.88975535,0.639725923,344.3697205,1,4
6.298949246855942,-84.4,42.8,8.400764526,64.10405199,1.072228953,265.9377747,1,4
6.226536669287466,-97,32.9,18.8132263,75.17469419,0.778656872,155.8502808,1,2
5.752572638825633,-82.3,29.7,20.72599388,115.0859327,3.247236528,36.76833344,1,4
6.329720905522696,-71.7,43.2,6.960091743,87.59441896,2.144495766,222.6697235,0,3
5.860786223465865,-122.4,37.8,14.09617737,41.10183486,1.87041945,115.6696014,0,2
6.326149473155099,-122,37.1,13.79136086,51.00313456,2.171941254,253.009201,1,4
6.09807428216624,-97.4,32.7,18.83256881,69.65810398,0.82370533,197.8705597,0,2
6.448889394146858,-78.9,36,15.40512232,94.05412844,1.698932469,96.75722504,1,3
6.380122536899765,-83.8,42.3,9.459633028,65.69365443,1.064468505,253.6655579,1,3
6.418364935936212,-80.6,36.5,11.3808104,92.89434251,2.390558752,695.8827515,1,4
6.102558594613569,-122.2,47.6,11.1014526,79.94380734,2.608986975,84.25081635,1,5
6.322565239927284,-96.8,33,18.26253823,79.21972477,0.778656872,194.1074982,1,3
5.937536205082426,-71.8,42.6,7.73264526,92.51964832,2.157934581,205.5700073,1,1
6.161207321695077,-78.8,35.8,15.40512232,94.05412844,1.698932469,96.75722504,1,4
6.481577129276431,-92.6,37,14.62324159,90.45703364,1.28800727,317.9291687,1,3
6.419994928147142,-73.4,41.4,10.10603976,98.2043578,1.867390972,109.4050751,1,5
5.918893854273146,-78.5,38,12.62285933,80.3851682,1.514006662,400.1588745,0,5
6.169610732491456,-90.1,30,20.60412844,127.4941131,2.336803457,1.143264055,0,2
6.220590170099739,-97.1,36.2,15.92423547,72.7720948,0.61152332,311.9710999,0,2
6.336825731146441,-78.6,35.7,15.40512232,94.05412844,2.156420352,96.75722504,1,3
6.180016653652572,-118.2,33.8,16.55206422,24.44931193,1.220434586,35.27723312,0,2
6.206575926724928,-121.8,39.7,14.7559633,71.67958716,1.623220774,300.1264038,0,2
6.240275845170769,-83.9,35.9,13.88509174,106.1841743,1.977740765,523.4371948,1,3
6.135564891081739,-77.3,38.8,14.01888379,87.26605505,1.25412629,64.78483582,1,4
6.025865973825314,-73.8,41.2,10.60825688,101.411315,1.980012111,127.7934723,1,4
5.713732805509369,-82.4,34.3,16.14831804,99.36100917,1.467633252,175.4738922,1,3
6.202535517187923,-105.6,41.3,4.192889908,23.55970948,0.400855542,2259.986572,0,2
6.09807428216624,-95.7,29.8,20.75198777,86.00351682,1.898432769,34.68111038,1,3
6.154858094016418,-123.1,44.1,11.24938838,101.1090214,1.340248341,161.2072296,0,2
6.212606095751519,-92,38.8,12.78172783,79.97920489,1.029073288,221.4455566,1,3
6.054439346269371,-84.4,33.7,16.65221713,102.9034404,2.095661718,274.2244568,1,2
6.1070228877422545,-74,40.7,11.81796636,92.61200306,2.213204125,23.8580265,0,1
6.077642243349034,-93.3,45,6.540137615,59.26934251,0.919291337,278.4336243,1,3
6.22455842927536,-78.6,35.9,15.40512232,94.05412844,2.156420352,96.75722504,1,4
6.361302477572996,-93.7,41.5,9.632492355,67.21873089,0.964907635,290.4547119,1,4
6.455198563340122,-82.5,35.5,11.58891437,133.054052,2.555799501,848.9013672,1,5
6.226536669287466,-76.9,40.3,10.84579511,84.23723242,1.714264089,164.0541687,0,4
6.248042874508429,-89.2,31.4,18.84441896,120.4029052,2.133517574,69.55110931,1,3
6.049733455231958,-79.1,35.8,14.88906728,97.33899083,1.698932469,136.7336121,1,3
6.091309882077698,-107.9,37.3,6.191207951,37.35443425,0.816323447,2301.657959,1,3
6.089044875446846,-122.7,45.6,10.72392966,91.80917431,1.927392495,120.6025009,1,2
5.993961427306569,-97,36,16.20550459,71.10703364,0.705784373,313.6911011,1,3
6.46302945692067,-91.6,42,8.786391437,68.489908260000007,1.016770145,275.0544434,1,2
5.831882477283517,-122.4,47.6,11.1014526,79.94380734,2.186705014,84.25081635,0,2
6.16541785423142,-79,36.1,14.54518349,92.76712538,1.698932469,137.7061157,1,3
6.150602768446279,-97.1,32.8,18.83256881,69.65810398,0.82370533,197.8705597,1,5
6.22455842927536,-97.1,36.1,15.92423547,72.7720948,0.705784373,311.9710999,1,4
5.855071922202427,-104.9,39.7,8.978746177,29.55221713,0.720737433,1677.784668,1,4
6.269096283706261,-74.4,41.1,9.651223242,104.2791284,2.2052544,196.3524933,1,3
6.46302945692067,-79.2,37.4,13.87331804,84.83990826,2.352892185,229.5341644,1,3
6.0063531596017325,-118.5,34,13.37056575,39.35022936,1.220434586,619.3668823,0,2
5.455321115357702,-122.7,45.6,10.72392966,91.80917431,1.927392495,120.6025009,1,2
6.329720905522696,-82.7,35.6,10.49357798,112.8490826,2.549742582,790.3125,1,3
6.220590170099739,-94.8,36.4,14.92285933,91.2440367,1.316588431,315.1291809,1,3
5.966146739123692,-111.8,40.7,6.855657492,47.03340979,0.75726832,1931.035034,1,4
6.208590026096629,-78.7,35.8,15.40512232,94.05412844,1.698932469,96.75722504,1,3
6.016157159698354,-122.5,38.3,13.79816514,72.84296636,1.537477285,120.170105,1,3
5.863631175598097,-81.4,28.6,21.99166667,115.6674312,2.152256217,14.28972244,1,3
6.340359303727752,-75,39.7,12.40282875,91.6633792,1.464604782,25.62282181,1,4
6.300785794663244,-88.2,40.1,10.87507645,78.84464832,0.858911267,223.2963867,1,4
6.371611847231857,-79.1,35.9,14.88906728,97.33899083,1.698932469,136.7336121,0,2
6.035481432524756,-122.6,38.5,13.79816514,72.84296636,2.483494848,120.170105,1,2
5.814130531825066,-110.6,32.7,17.49969419,32.30733945,0.438332829,1049.841431,0,2
6.318968113746434,-121.7,38.6,15.42813456,41.17079511,0.94541187,15.96166706,1,4
6.1224928095143865,-71.2,42.4,9.388990826,94.63203364,1.966573293,52.88596344,0,2
6.280395838960195,-78.8,35.8,15.40512232,94.05412844,1.698932469,96.75722504,1,3
6.22455842927536,-81.6,38.3,12.77094801,90.53218654,2.205254386,299.37945560000003,0,2
6.373319789577012,-88.8,42.8,7.872094801,67.19847095,1.084532102,274.6097107,1,3
6.322565239927284,-89.1,41.3,10.05328746,71.34097859,0.900174142,194.3191681,1,3
5.953243334287785,-76.5,38.9,13.6970948,90.40053517,1.377914896,37.22084808,1,3
6.18826412308259,-70.3,43.7,7.452217125,90.46429664,2.157556027,56.46136093,0,2
6.089044875446846,-104.8,38.9,9.466513761,29.63233945,0.520290734,2004.253662,1,3
6.2285110035911835,-88.4,42.6,7.849541284,67.24885321,1.090589041,257.2883301,1,3
6.018593214496234,-82.5,29.7,20.84166667,117.7240061,2.532139617,19.09694481,1,4
6.419994928147142,-75.6,39.7,11.8103211,92.14327217,1.236334048,81.75190735,1,2
5.765191102784844,-122.2,47.3,11.17285933,85.4941896,2.186705014,144.7330322,1,2
6.246106765481563,-85,35.9,14.06299694,116.1486239,2.213961239,492.3319397,1,3
6.3473892096560105,-81.3,35.3,16.04105505,99.05825688,1.60807844,233.3261108,1,4
6.013715156042802,-122.7,45.5,10.72392966,91.80917431,1.927392495,120.6025009,1,3
6.042632833682381,-75.9,44,6.318195719,86.9851682,1.566247731,393.6227722,1,2
6.270988431858299,-95.4,33.3,17.85053517,94.23753823,1.429966687,122.1666641,1,3
6.1070228877422545,-93.3,44.9,7.233333333,59.23409786,0.919291337,284.1616516,0,1
6.280395838960195,-71.4,42.2,9.388990826,94.63203364,1.966573293,52.88596344,1,3
6.318968113746434,-78.6,35.8,15.40512232,94.05412844,2.156420352,96.75722504,1,3
6.206575926724928,-74.1,40.7,11.15,97.4837156,2.213204125,60.80302048,0,3
6.093569770045136,-90.1,30,20.2588685,128.8316514,2.336803457,2.883951902,1,3
6.419994928147142,-90.1,37.3,13.71399083,94.86001529,1.15002272,188.1783295,1,2
6.206575926724928,-82.1,33.5,17.48149847,92.25542813,1.792814963,109.0872192,0,2
6.202535517187923,-93.2,44.9,7.233333333,59.23409786,0.919291337,284.1616516,1,3
6.400257445308821,-77.2,39,12.51139144,88.78639144,1.25412629,137.5811157,1,4
6.413458957167357,-91,41.6,9.620107034,69.42721713,0.925158992,239.0658264,1,3
5.983936280687191,-96.4,30.7,20.41727829,82.12798165,1.167814963,93.21138763,1,3
5.934894195619588,-112,33.5,20.02224771,19.43876147,0.286909448,523.6925049,1,3
6.135564891081739,-122.6,45.5,11.17729358,90.90749235,1.927392495,96.17082977,1,2
6.1224928095143865,-121.7,38.5,15.42813456,41.17079511,0.94541187,15.96166706,1,3
6.274762021241939,-74.9,42.4,6.422400612,97.06659021,1.779186852,611.4335938,1,5
5.855071922202427,-71.4,42.5,8.609633028,89.07270642,1.966573293,59.06277847,0,2
6.12029741895095,-114.2,46,5.918348624,25.62278287,1.000113569,1675.700562,1,3
6.2324480165505225,-122.6,45.5,11.17729358,90.90749235,1.927392495,96.17082977,1,2
6.244166900663736,-93.3,45,6.540137615,59.26934251,0.919291337,278.4336243,1,2
6.052089168924417,-72.7,41.7,9.477905199,95.34373089,2.113075408,97.82694244,1,3
6.186208623900494,-78.6,35.9,15.40512232,94.05412844,2.156420352,96.75722504,1,3
6.226536669287466,-121.5,38.6,15.42813456,41.17079511,1.394950028,15.96166706,1,3
6.142037405587356,-106.6,35.1,10.76146789,26.16360856,0.621555117,1708.676392,1,4
6.39024066706535,-93.6,41.7,9.632492355,67.21873089,0.791527867,290.4547119,1,5
5.955837369464831,-93.2,36.7,14.54105505,90.85504587,1.153240459,328.7286072,1,2
5.910796644040527,-97.5,30.3,20.15902141,63.98692661,0.960554208,210.0549927,1,3
6.317164686747284,-86.2,39.7,11.55114679,84.20955657,0.90433828,247.0333405,1,2
6.19644412779452,-122.5,48.8,9.857798165,63.85282875,1.958244997,60.28440475,1,2
6.021023349349527,-74,40.7,11.81796636,92.61200306,2.213204125,23.8580265,0,1
5.869296913133774,-106.7,35.1,10.76146789,26.16360856,0.281041793,1708.676392,0,3
6.398594934535208,-77.1,40.1,10.6043578,83.71330275,1.326241667,227.5200043,1,2
5.908082938168931,-91.1,46.2,4.761009174,56.45,2.052127496,398.8336182,1,4
5.955837369464831,-75.5,40.6,9.604587156,92.98715596,1.164029377,270.4966736,1,4
5.713732805509369,-74,40.7,11.81796636,92.61200306,2.213204125,23.8580265,0,1
6.238324625039508,-122.3,38.1,14.24908257,60.2470948,1.87041945,143.1794128,1,5
6.318968113746434,-120.5,37.3,16.72262997,27.45076453,1.708017869,140.3577728,1,3
6.440946540632921,-71.5,41.7,9.4659785930000009,97.09472477,2.145063591,116.9283371,1,3
6.318968113746434,-74.9,42.4,6.422400612,97.06659021,1.779186852,611.4335938,1,5
6.0867747269123065,-79.3,35.9,14.88906728,97.33899083,1.297092668,136.7336121,1,2
6.198478716492308,-80.3,36.1,14.2883792,90.05229358,2.060455779,275.8555603,1,3
6.22455842927536,-86.1,39.8,11.55114679,84.20955657,0.90433828,247.0333405,0,2
6.142037405587356,-89.6,43,7.131957187,66.57591743,0.996327977,294.9661255,1,3
6.293419278846481,-70,43.9,8.236697248,99.67316514,2.174591157,20.81203651,1,2
6.413458957167357,-76.5,38.3,14.0543578,93.61360856,1.480693521,5.422117233,0,2
6.345636360828596,-80.1,40.4,10.53746177,86.09044343,1.641202297,345.6836243,1,3
5.8971538676367405,-122.4,47.1,11.17285933,85.4941896,2.057616601,144.7330322,1,3
6.398594934535208,-80.9,35.1,16.00198777,93.89120795,1.739248934,201.6608276,1,3
5.910796644040527,-93.2,45,7.233333333,59.23409786,0.919291337,284.1616516,1,2
6.042632833682381,-107.1,37.3,4.289525994,35.80244648,1.234630528,2425.600098,0,2
6.003887067106539,-111.9,33.4,20.79296636,19.419266060000002,0.286909448,425.6875,0,2
4.919980925828125,-77.3,38.7,14.01888379,87.26605505,1.25412629,64.78483582,0,3
6.2766434893416445,-88.4,34.2,16.41788991,115.1977064,1.655966088,137.758606,1,3
5.91350300563827,-78.9,35,15.98998471,99.99847095,1.314317073,53.32805634,1,3
6.349138991379798,-78.9,36,15.40512232,94.05412844,1.698932469,96.75722504,1,3
6.171700597410915,-87.1,45.8,5.451605505,66.24701835,2.305572376,226.0319519,1,3
5.929589143389895,-74,40.7,11.81796636,92.61200306,2.213204125,23.8580265,0,2
5.560681631015528,-81.1,32.1,19.11391437,102.441208,2.431253787,11.96749973,1,2
6.371611847231857,-78.9,35.8,15.40512232,94.05412844,1.698932469,96.75722504,1,4
5.733341276897746,-73.9,40.7,11.81796636,92.61200306,2.213204125,23.8580265,0,2
5.988961416889864,-80,32.7,18.67018349,102.3242355,2.986409751,3.003220558,1,3
6.054439346269371,-77,39.1,12.43012232,89.19495413,1.81817838,92.84095764,0,2
6.42648845745769,-78.8,35.8,15.40512232,94.05412844,1.698932469,96.75722504,1,4
6.444131256700441,-84.5,38,12.78448012,93.83784404,1.278921863,269.7555542,1,4
6.198478716492308,-71.7,42.3,8.581116208,98.13524465,2.157934581,170.2480621,1,3
6.393590753950631,-82.9,40,11.00688073,83.21857798,1.082828585,267.4777832,1,4
6.124683390894205,-78.6,35.7,15.40512232,94.05412844,2.156420352,96.75722504,1,3
6.272877006546167,-78.1,39.2,11.92561162,79.51605505,1.19715324,272.7061157,0,2
5.82600010738045,-77.3,39,14.01888379,87.26605505,1.25412629,64.78483582,1,4
6.093569770045136,-74,40.8,11.81796636,92.61200306,2.213204125,23.8580265,0,1
6.236369590203704,-79.8,32.9,18.67018349,102.3242355,2.986409751,3.003220558,1,5
6.393590753950631,-79.9,37.3,13.63547401,88.97614679,2.506019069,358.2038879,0,2
6.016157159698354,-112.1,33.3,20.49717125,17.00970948,0.286909448,386.5838928,1,3
6.3578422665081,-79.9,39.7,10.47224771,93.0866208,1.453058752,471.0052795,0,3
6.450470422144176,-87.6,38.1,13.14915902,92.12920489,1.455140828,130.0613861,1,3
6.059123195581797,-77.9,40.8,9.469877676,80.85925076,2.201847367,372.6585999,1,4
5.929589143389895,-80,40.4,10.59304281,88.16972477,1.641202297,330.4186096,0,2
5.14166355650266,-71.3,42.4,9.388990826,94.63203364,1.966573293,52.88596344,1,4
5.863631175598097,-121.7,38.5,15.42813456,41.17079511,0.94541187,15.96166706,0,1
5.71042701737487,-81.3,29,21.72431193,113.5750765,2.853535741,8.247079849,1,3
5.575949103146316,-117.1,32.7,16.81697248,22.42683486,1.389839487,103.6060028,0,1
4.74493212836325,-73.1,41.4,10.10603976,98.2043578,2.060077225,109.4050751,1,5
5.673323267171493,-76.9,40.3,10.84579511,84.23723242,1.714264089,164.0541687,0,2
5.645446897643238,-122.2,37.4,13.79136086,51.00313456,2.266391583,253.009201,0,2
5.272999558563747,-77.5,38.8,14.01888379,87.26605505,1.25412629,64.78483582,1,4
5.7430031878094825,-96.8,32.9,18.8132263,75.17469419,0.778656872,155.8502808,1,4
5.049856007249537,-78.9,35.8,15.40512232,94.05412844,1.698932469,96.75722504,1,4
5.568344503761097,-122.8,45.4,11.17729358,90.90749235,1.927392495,96.17082977,1,3
5.707110264748875,-68.4,44.3,6.625917431,93.48463303,2.259198961,38.98293686,0,1
5.814130531825066,-79,35.9,14.88906728,97.33899083,1.698932469,136.7336121,1,5
4.584967478670572,-78.7,35.9,15.40512232,94.05412844,1.698932469,96.75722504,0,1
5.814130531825066,-80.3,36.1,14.2883792,90.05229358,2.060455779,275.8555603,1,4
4.709530201312334,-68.3,44.4,6.625917431,93.48463303,2.259198961,38.98293686,1,3
5.8971538676367405,-78.9,42.6,8.183027523,78.44388379,1.065982742,285.7919312,1,3
5.808142489980444,-96.7,32.8,18.8132263,75.17469419,0.778656872,155.8502808,1,3
5.978885764901122,-78.7,35.7,15.40512232,94.05412844,1.698932469,96.75722504,1,3
6.1070228877422545,-86.2,41.7,9.638685015,78.59510703,1.153429736,234.2583313,1,2
5.293304824724492,-79.1,35.7,14.88906728,97.33899083,1.698932469,136.7336121,1,3
5.87493073085203,-86.8,36.2,15.28486239,101.2087156,1.171221988,187.5155487,0,1
5.648974238161206,-78.4,38,13.49181957,87.03302752,1.514006662,194.8988953,0,3
5.424950017481403,-112.4,33.5,20.49717125,17.00970948,0.18697002,386.5838928,1,5
5.981414211254481,-96.7,43.6,7.325382263,45.6411315,0.917209271,472.4302673,1,3
5.921578419643816,-93.2,44.6,7.233333333,59.23409786,0.919291337,284.1616516,1,4
5.983936280687191,-79.7,35.7,14.81551988,94.3383792,1.67546184,200.5997162,1,3
5.3612921657094255,-78.8,35.8,15.40512232,94.05412844,1.698932469,96.75722504,1,3
6.1092475827643655,-80.6,37.1,11.10374618,88.66842508,2.3381284,695.4216919,1,3
6.025865973825314,-85.7,38.3,13.52308869,93.08256881,1.143208663,181.5480499,0,2
5.5134287461649825,-122.4,37.8,14.09617737,41.10183486,1.87041945,115.6696014,0,1
4.454347296253507,-117.8,33.7,16.28264526,34.18035168,1.13715173,232.911026,0,2
5.605802066295998,-123.1,40.8,10.04587156,95.62094801,1.460251367,1044.701416,1,1
6.016157159698354,-79.1,36,14.88906728,97.33899083,1.698932469,136.7336121,1,2
5.652489180268651,-93.3,45,7.233333333,59.23409786,0.919291337,284.1616516,0,1
5.918893854273146,-79.5,35.2,15.47018349,99.36460245,2.250870682,103.976387,1,3
5.438079308923196,-96.8,33,18.8132263,75.17469419,0.778656872,155.8502808,1,3
5.958424693029782,-81.5,36.2,11.02828746,96.86842508,2.199765292,948.1744385,1,2
4.912654885736052,-78.7,35.8,15.40512232,94.05412844,1.698932469,96.75722504,0,1
5.700443573390687,-105.3,40,7.221100917,32.97201835,0.677392489,1912.255859,1,4
6.0330862217988015,-79.1,35.9,14.88906728,97.33899083,1.698932469,136.7336121,1,4
6.102558594613569,-81.2,35.2,16.04105505,99.05825688,1.60807844,233.3261108,1,4
5.8998973535824915,-78.5,37.8,14.27522936,84.47683486,1.514006662,113.5241699,1,2
6.021023349349527,-79.6,36,14.81551988,94.3383792,1.297092668,200.5997162,1,4
5.099866427824199,-82.7,28,22.22989297,115.0124618,1.467443971,9.300343513,1,3
5.41610040220442,-74,40.7,11.15,97.4837156,2.213204125,60.80302048,0,1
5.8289456176102075,-87.3,33.8,16.98830275,111.0939602,1.871555126,140.1027832,1,3
5.783825182329737,-88.2,40.1,10.87507645,78.84464832,0.842065415,223.2963867,1,4
4.564348191467836,-79,36,15.40512232,94.05412844,1.698932469,96.75722504,1,4
5.796057750765372,-78.7,35.9,15.40512232,94.05412844,1.698932469,96.75722504,1,4
5.8944028342648505,-76.2,40,10.72668196,89.72438838,1.39267868,150.8216705,0,2
5.8916442118257715,-72.2,43.6,5.602828746,84.04648318,2.212068446,337.3477783,1,3
6.1224928095143865,-84.4,39.3,11.8,81.8867737,1.217216843,239.0194397,1,4
5.717027701406222,-92,37,13.70558104,87.87912844,1.762719565,391.2316589,1,3
5.966146739123692,-75.7,40,10.14472477,96.19541284,1.691739853,149.9255524,1,4
5.062595033026967,-122.5,47.2,11.17285933,85.4941896,2.186705014,144.7330322,1,3
5.976350909297934,-93.7,41.6,9.632492355,67.21873089,0.964907635,290.4547119,0,4
5.840641657373398,-79.2,35.7,14.88906728,97.33899083,1.297092668,136.7336121,1,3
5.908082938168931,-81.5,35.9,14.08600917,112.962156,2.611258339,469.4902649,1,3
5.6937321388027,-79.5,36.1,14.56414373,88.55282875,1.297092668,225.6538849,1,3
5.8971538676367405,-78.5,38,13.49181957,87.03302752,1.514006662,194.8988953,1,3
5.5254529391317835,-85.7,40.1,10.44510703,81.71047401,1.042322838,261.234436,1,3
5.58724865840025,-91.1,30.4,20.1824159,125.0852446,3.003255598,3.574166775,0,2
5.455321115357702,-82.7,27.7,22.52897554,113.0506116,1.467443971,4.501904964,1,2
5.765191102784844,-84.3,33.8,16.65221713,102.9034404,2.095661718,274.2244568,1,5
5.602118820879701,-79.8,38.5,8.621100917,113.0474006,2.272448509,944.7755737,1,1
5.6240175061873385,-81,35.2,16.04105505,99.05825688,1.29519988,233.3261108,1,4
5.697093486505405,-79.2,35.5,15.47018349,99.36460245,2.250870682,103.976387,1,3
5.375278407684165,-76.7,39.4,12.43012232,89.19495413,1.041944274,92.84095764,0,1
6.0014148779611505,-78.9,35.9,15.40512232,94.05412844,1.698932469,96.75722504,1,5
5.318119993844216,-97.2,32.8,18.83256881,69.65810398,0.82370533,197.8705597,1,3
6.0014148779611505,-79.1,36,14.88906728,97.33899083,1.698932469,136.7336121,1,3
5.438079308923196,-117.2,46.7,9.845183486,40.09877676,0.671335552,734.6774902,1,4
5.3981627015177525,-79.9,32.7,18.67018349,102.3242355,2.986409751,3.003220558,1,3
5.529429087511423,-96.2,30.7,20.41727829,82.12798165,1.094374625,93.21138763,1,3
5.981414211254481,-93.1,36.1,14.90015291,92.30076453,1.570790435,411.3288879,1,3
5.908082938168931,-79.8,35.7,14.81551988,94.3383792,1.67546184,200.5997162,1,3
5.393627546352362,-122.2,47.6,11.1014526,79.94380734,2.608986975,84.25081635,0,2
6.0112671744041615,-77.9,40.8,9.469877676,80.85925076,2.201847367,372.6585999,1,4
5.568344503761097,-78.9,36.7,14.30680428,90.14250765,2.022221387,130.8522186,1,5
5.66988092298052,-77,38.9,14.01888379,87.26605505,1.81817838,64.78483582,0,2
5.937536205082426,-89.5,44.5,6.042889908,65.02584098,1.255261963,314.6227722,1,4
5.3981627015177525,-97.2,32.6,18.83256881,69.65810398,0.931783768,197.8705597,1,3
6.003887067106539,-76.4,40.3,10.72668196,89.72438838,2.070487587,150.8216705,1,3
5.537334267018537,-117,32.7,16.81697248,22.42683486,0.919669899,103.6060028,0,3
5.902633333401366,-97,43.7,7.716819572,46.13310398,0.903770446,486.9064026,1,3
5.8805329864007,-74.4,40.9,11.15,97.4837156,2.2052544,60.80302048,1,4
5.655991810819852,-94.6,39.1,12.5912844,79.44044343,1.040240765,272.7763977,1,4
4.762173934797756,-80.5,39,11.09159021,97.83394495,2.192572677,395.1316528,1,2
5.934894195619588,-82.8,34.6,15.86697248,109.0136086,1.890672313,275.0289001,0,2
5.739792912179234,-86.3,32.1,18.49311927,106.133104,1.517792253,81.17416382,1,4
6.068425588244111,-95.9,41.8,9.400764526,60.00015291,0.929890973,372.6394348,1,5
5.53338948872752,-75,39.9,12.05818043,94.8633792,1.464604782,22.87888908,1,4
5.598421958998375,-78.5,38,13.49181957,87.03302752,1.514006662,194.8988953,1,3
5.5053315359323625,-91.2,44.5,6.476376147,63.22362385,1.1422622630000001,306.4425049,1,4
5.7899601708972535,-79.2,37.4,13.87331804,84.83990826,2.352892185,229.5341644,1,5
5.198497031265826,-95.4,29.7,20.45542813,93.55756881,2.567534829,14.17661858,0,1
5.288267030694535,-87.2,30.4,20.01873089,118.2353211,2.464377652,12.43274117,0,2
5.924255797414532,-78.8,35.8,15.40512232,94.05412844,1.698932469,96.75722504,1,3
5.4638318050256105,-118.4,34,16.55206422,24.44931193,1.220434586,35.27723312,0,1
5.998936561946683,-80.6,37.3,11.10374618,88.66842508,2.508858275,695.4216919,1,3
5.262690188904886,-118.5,34.2,13.37056575,39.35022936,0.314922775,619.3668823,0,2
4.6913478822291435,-76.5,36.2,15.625,101.1760703,2.09604028,2.469870329,1,2
5.855071922202427,-97.7,30.2,20.15902141,63.98692661,0.917398545,210.0549927,1,3
5.7430031878094825,-123.3,44.5,10.75336391,91.75344037,1.420692009,144.807785,0,2
5.081404364984463,-110.8,32.2,17.99931193,28.01154434,0.306405209,1157.947266,1,4
5.945420608606575,-80.7,35.1,16.00198777,93.89120795,1.739248934,201.6608276,1,4
5.662960480135946,-88.3,43,7.849541284,67.24885321,1.089074804,257.2883301,1,4
5.5254529391317835,-96.7,32.9,18.8132263,75.17469419,0.778656872,155.8502808,1,5
5.3981627015177525,-106.7,35.2,10.76146789,26.16360856,0.900931252,1708.676392,1,3
6.180016653652572,-75.3,39.9,12.40282875,91.6633792,1.236334048,25.62282181,1,3
5.777652323222656,-77.5,38.9,14.01888379,87.26605505,1.25412629,64.78483582,1,4
4.859812404361672,-96.7,33,18.8132263,75.17469419,0.778656872,155.8502808,1,4
6.175867270105761,-93.6,42,8.909785933,65.98272171,0.791527867,329.9030457,1,2
5.849324779946859,-80.4,37.2,11.23807339,91.43340979,2.461538455,635.8566895,1,4
4.976733742420574,-103.3,34.2,14.43524465,32.48103976,0.419404907,1260.097778,1,3
5.645446897643238,-119.8,34.5,14.03287462,28.1837156,1.6612659,285.3345032,1,4
5.293304824724492,-117.8,33.6,16.28264526,34.18035168,1.037212298,232.911026,1,4
5.730099782973574,-78.9,36.1,14.54518349,92.76712538,1.698932469,137.7061157,1,2
5.986452005284438,-76.7,42.7,8.191819572,72.96857798,1.539370082,217.5294495,0,1
6.073044534100405,-83.8,39.9,10.77561162,80.11009174,1.100242276,312.742218,1,4
5.204006687076795,-111.9,33.4,20.79296636,19.419266060000002,0.286909448,425.6875,1,3
5.521460917862246,-97.1,33.2,18.24029052,73.32125382,0.840361903,220.74777219999999,1,3
5.638354669333745,-103.1,32.7,16.44350153,27.79571865,0.414483648,1132.539673,1,4
5.823045895483019,-77.8,39.3,12.68478593,84.65328746,1.19715324,163.789444,1,3
5.616771097666572,-74.7,40.2,11.35496942,95.97515291,2.082980009,41.57500076,1,4
5.8971538676367405,-81.7,36.2,11.02828746,96.86842508,1.903354024,948.1744385,1,4
5.968707559985366,-79,35.9,14.88906728,97.33899083,1.698932469,136.7336121,1,3
5.75890177387728,-74,40.6,11.15,97.4837156,1.9166035830000001,60.80302048,0,3
5.3471075307174685,-78.8,35.9,15.40512232,94.05412844,1.698932469,96.75722504,1,3
5.746203190540153,-96,36.1,15.8616208,84.8353211,1.194314057,198.4524994,0,1
5.231108616854587,-104.3,32.4,16.43478593,23.37186544,0.311705027,1026.186401,1,2
5.556828061699537,-105,39.7,8.978746177,29.55221713,0.720737433,1677.784668,1,4
5.0689042022202315,-82.1,38.3,12.86116208,88.87851682,1.867201694,255.804718,1,3
5.017279836814924,-122.4,37.8,14.09617737,41.10183486,1.87041945,115.6696014,0,1
5.82600010738045,-71.7,42.8,7.73264526,92.51964832,2.235539059,205.5700073,1,3
5.673323267171493,-78.7,35.8,15.40512232,94.05412844,1.698932469,96.75722504,1,3
5.5053315359323625,-78.7,35.8,15.40512232,94.05412844,1.698932469,96.75722504,1,4
5.6937321388027,-88.2,30.4,20.16100917,123.8960245,2.092254701,7.924260139,1,4
5.641907070938114,-79.1,35.9,14.88906728,97.33899083,1.698932469,136.7336121,1,3
5.062595033026967,-81.5,28.6,21.8411315,113.3574924,2.152256217,28.14388847,1,3
5.1647859739235145,-82.2,28.2,22.15588685,112.4344801,2.482169895,25.95861053,0,3
3.970291913552122,-111.9,40.7,6.855657492,47.03340979,0.75726832,1931.035034,1,2
5.517452896464707,-81.6,35.9,14.08600917,112.962156,2.611258339,469.4902649,1,3
5.726847747587197,-111.7,40.2,8.843425076,35.4175841,0.876892793,1686.370239,0,2
5.991464547107982,-76,40.3,10.14472477,96.19541284,1.540884316,149.9255524,0,3
5.730099782973574,-89.2,37.7,13.80527523,91.26253823,1.076014537,141.5163879,0,2
5.6937321388027,-117.1,32.7,16.81697248,22.42683486,1.389839487,103.6060028,1,2
5.820082930352362,-72.2,43.6,5.602828746,84.04648318,2.034903087,337.3477783,1,4
5.356586274672012,-105,40.1,7.221100917,32.97201835,0.720737433,1912.255859,0,3
5.950642552587727,-78.9,37.9,13.8103211,83.39036697,2.266013008,238.8325043,1,3
5.616771097666572,-105.1,39.8,6.594877676,32.73715596,0.720737433,2119.006104,1,4
5.5254529391317835,-122.7,45.5,10.72392966,91.80917431,1.927392495,120.6025009,0,2
5.662960480135946,-86.7,33.4,17.22966361,112.1009939,2.040581466,178.074173,0,2
5.680172609017068,-75.2,38.4,13.3911315,92.97637615,1.35065869,8.082706451,1,4
5.598421958998375,-90,35.2,16.71513761,102.8070336,1.023394916,65.44611359,1,4
5.707110264748875,-117.4,47.7,8.173547401,44.01850153,1.579497278,742.6072388,1,2
5.3612921657094255,-79.6,39.7,10.47224771,93.0866208,1.453058752,471.0052795,1,3
5.846438775057725,-105.1,39.7,6.594877676,32.73715596,0.720737433,2119.006104,1,3
5.973809611869261,-80.8,35.1,16.00198777,93.89120795,1.739248934,201.6608276,1,4
5.855071922202427,-79.1,36.1,14.44793578,93.73470948,1.698932469,190.2480621,1,3
5.655991810819852,-71.3,42.4,9.388990826,94.63203364,1.966573293,52.88596344,1,4
5.598421958998375,-77.1,39.1,12.51139144,88.78639144,1.81817838,137.5811157,1,4
5.662960480135946,-84.1,33.9,16.65221713,102.9034404,2.095661718,274.2244568,1,4
5.683579767338681,-79,35.9,15.40512232,94.05412844,1.698932469,96.75722504,1,3
5.634789603169249,-77.1,38.9,14.01888379,87.26605505,1.81817838,64.78483582,1,3
5.768320995793772,-81.4,39.4,11.33157492,89.34969419,2.002536336,263.4841614,1,3
5.560681631015528,-80.3,25.7,24.37759939,128.5626147,1.860198361,1.923296809,0,1
5.869296913133774,-71.4,42.9,8.609633028,89.07270642,2.227400058,59.06277847,1,3
5.988961416889864,-79.5,36.1,14.44793578,93.73470948,1.297092668,190.2480621,1,4
5.497168225293202,-122.6,45.5,11.17729358,90.90749235,2.360463346,96.17082977,0,3
5.6937321388027,-80.1,36.3,14.2883792,90.05229358,2.390558752,275.8555603,1,3
5.517452896464707,-97.5,35.3,16.21743119,63.63792049,0.639725923,379.6455688,1,5
5.707110264748875,-111.9,40.7,6.855657492,47.03340979,0.75726832,1931.035034,0,2
5.327876168789581,-82.8,36.9,12.25129969,90.31276758,2.285508783,598.8005371,1,3
5.863631175598097,-91.8,38.1,13.10382263,77.33631498,1.299174744,255.4855499,1,4
5.123963979403259,-81.1,35.7,15.03088685,98.2733945,2.611258339,330.7252808,1,3
5.723585101952381,-111,45.7,6.116437309,36.17744648,0.632911872,1528.734985,1,3
5.638354669333745,-77.3,39.2,12.51139144,88.78639144,1.209267119,137.5811157,0,2
5.71042701737487,-98.4,29.5,19.91850153,68.80848624,1.382646883,281.5849915,0,1
6.066108090103747,-79.9,36,14.56414373,88.55282875,1.67546184,225.6538849,1,4
5.71042701737487,-73.5,41.3,10.60825688,101.411315,1.867390972,127.7934723,1,2
5.545177444479562,-116.3,33.7,19.14327217,12.92752294,0.121290128,567.0177612,1,3
5.424950017481403,-77.4,38.9,14.01888379,87.26605505,1.25412629,64.78483582,1,3
5.356586274672012,-74,40.8,11.81796636,92.61200306,2.213204125,23.8580265,0,1
5.869296913133774,-78.7,38,12.62285933,80.3851682,2.266013008,400.1588745,1,3
5.777652323222656,-117.5,47.7,8.249311927,29.8470948,1.579497278,702.918335,1,4
5.356586274672012,-78.9,36,15.40512232,94.05412844,1.698932469,96.75722504,1,3
5.877735781779639,-78.7,35.9,15.40512232,94.05412844,1.698932469,96.75722504,1,5
6.018593214496234,-90.7,42.5,8.689143731,70.55382263,1.10289219,264.4100037,1,3
5.389071729816501,-89.7,30.3,20.2117737,127.3261468,2.740157487,6.914476395,1,4
5.6240175061873385,-87,36.1,14.82522936,106.3435015,1.336273472,194.0680542,1,4
5.247024072160486,-94.9,29.4,20.8116208,92.42538226,1.584039977,1.458844185,1,3
5.579729825986222,-74,40.7,11.81796636,92.61200306,2.213204125,23.8580265,0,1
5.905361848054571,-105.1,40.6,6.309633028,29.25894495,0.343314657,1983.906616,1,4
5.493061443340548,-82.5,35.8,10.49357798,112.8490826,2.533086008,790.3125,1,2
5.942799375126701,-80.7,40,10.3293578,88.45183486,1.80114325,329.5513916,0,2
5.937536205082426,-79.8,38.9,8.621100917,113.0474006,2.365384609,944.7755737,1,3
4.442651256490317,-77,38.9,14.01888379,87.26605505,1.81817838,64.78483582,0,2
6.1070228877422545,-77.4,38.9,14.01888379,87.26605505,1.25412629,64.78483582,1,4
6.073044534100405,-77.5,39.5,12.68478593,84.65328746,1.209267119,163.789444,1,4
5.568344503761097,-79.1,35.9,14.88906728,97.33899083,1.698932469,136.7336121,0,2
6.131226489483141,-78.5,38,12.62285933,80.3851682,1.514006662,400.1588745,1,2
4.584967478670572,-90.1,30,20.2588685,128.8316514,2.336803457,2.883951902,0,3
6.056784013228625,-79,36,15.40512232,94.05412844,1.698932469,96.75722504,0,1
6.142037405587356,-84.5,38,12.66391437,90.56704893,1.278921863,245.2419434,1,2
6.042632833682381,-81.6,40.9,9.798623853,77.09740061,1.414635076,324.381958,1,4
5.5093883366279774,-79,35.9,15.40512232,94.05412844,1.698932469,96.75722504,0,3
5.3981627015177525,-78.7,35.7,15.40512232,94.05412844,1.698932469,96.75722504,0,3
5.948034989180646,-92.5,44,6.868501529,59.67721713,1.044594181,312.5010986,0,3
4.941642422609304,-72.3,42.2,8.466131498,97.69151376,2.191815567,213.2661133,1,1
5.886104031450156,-121.3,38.6,15.52576453,46.77752294,1.623031494,112.7744446,1,4
5.634789603169249,-80.8,35,16.00198777,93.89120795,1.739248934,201.6608276,1,3
5.908082938168931,-77.8,37.7,14.06857798,89.16559633,2.032631738,79.20055389,1,2
5.541263545158426,-110.6,31.7,15.73440367,32.40970948,0.340096913,1339.760864,1,3
5.733341276897746,-78.9,36,15.40512232,94.05412844,1.698932469,96.75722504,1,3
5.541263545158426,-82.1,27,22.81444954,104.4943425,1.550916115,10.83112431,1,2
5.214935757608986,-116.5,43.7,9.471559633,35.03555046,1.093049672,1087.946655,1,3
5.3706380281276624,-97.7,30.5,19.32316514,63.89571865,0.917398545,266.2280579,1,4
5.7430031878094825,-122.3,47.8,11.1014526,79.94380734,2.608986975,84.25081635,1,3
5.808142489980444,-89.4,43.1,7.432874618,66.84411315,1.038347971,284.4916687,1,3
6.049733455231958,-93.2,43.1,7.587155963,63.1601682,0.823516054,367.7772217,1,3
5.823045895483019,-89.6,40.7,10.54411315,73.692737,0.902445487,192.5113831,1,2
5.641907070938114,-82.4,27.5,22.81444954,104.4943425,1.576658087,10.83112431,1,3
5.768320995793772,-122.3,40.2,16.75902141,58.58707951,1.407063904,181.367218,1,3
6.035481432524756,-90.3,38.8,13.58379205,78.43256881,1.078664447,148.6699982,1,4
4.990432586778736,-76.8,39.1,12.43012232,89.19495413,1.81817838,92.84095764,0,3
5.043425116919247,-122.1,37.9,14.09617737,41.10183486,1.317724109,115.6696014,1,3
5.19295685089021,-74,40.7,11.81796636,92.61200306,2.213204125,23.8580265,0,1
5.4638318050256105,-97.7,35.6,16.25244648,64.68776758,0.722630226,348.8772278,1,3
5.7899601708972535,-92.5,45.7,5.758868502,55.40152905,1.641770139,339.4372253,1,3
5.529429087511423,-100.4,31.4,18.3766055,40.56857798,0.634993944,630.994751,0,3
5.986452005284438,-78.9,38.4,12.62285933,80.3851682,1.46952605,400.1588745,1,2
6.042632833682381,-77.5,37.5,14.20412844,94.11980122,1.931935193,35.59749985,0,3
5.860786223465865,-97.7,30.3,20.15902141,63.98692661,0.917398545,210.0549927,1,3
5.924255797414532,-79,43,8.34441896,79.10382263,1.065982742,179.2861176,1,3
5.780743515792329,-121.3,38.6,15.52576453,46.77752294,1.394950028,112.7744446,1,3
5.817111159963204,-93.2,37.3,13.6440367,86.23493884,1.172736221,381.5116577,1,3
5.91350300563827,-84.3,33.8,16.65221713,102.9034404,2.095661718,274.2244568,1,3
5.488937726156687,-122.3,47.7,11.1014526,79.94380734,2.608986975,84.25081635,0,1
4.983606621708336,-81.2,28.5,21.99166667,115.6674312,2.152256217,14.28972244,1,3
6.045005314036012,-80.6,40.7,9.530351682,80.10229358,2.075408838,341.9272156,1,3
6.1779441140506,-77.9,40.7,9.469877676,80.85925076,2.201847367,372.6585999,1,3
5.351858133476067,-78.7,35.8,15.40512232,94.05412844,1.698932469,96.75722504,1,3
5.983936280687191,-78.8,43,8.183027523,78.44388379,1.065982742,285.7919312,1,3
5.996452088619021,-85.3,37.6,13.0632263,100.1497706,1.196963965,228.5366669,1,1
5.934894195619588,-84.3,36,13.31544343,112.3767584,2.435796488,463.2702637,1,3
5.634789603169249,-82.5,35.5,11.10466361,111.1902905,2.555799501,854.4008179,1,4
5.8998973535824915,-77.5,43.1,8.673853211,68.67484709,1.583282861,115.5,1,3
5.420534999272286,-89.9,29.9,20.69143731,126.1850917,2.336803457,1.11958468,1,4
5.717027701406222,-92.5,35,17.16506116,99.53302752,1.167436398,93.43000031,0,3
5.594711379601839,-85.1,34.3,15.66620795,118.7213303,2.213582673,239.2244415,0,2
5.82600010738045,-73.2,44.5,6.708715596,74.17110092,1.360501207,70.81639099,1,3
5.652489180268651,-122.2,40.6,15.58409786,81.6911315,1.407063904,448.0766602,1,4
5.8805329864007,-78.7,35.9,15.40512232,94.05412844,1.698932469,96.75722504,1,4
5.081404364984463,-77.8,34.3,17.57576453,113.565367,2.933790122,6.412473679,1,3
5.262690188904886,-78.6,35.9,15.40512232,94.05412844,2.156420352,96.75722504,0,3
5.662960480135946,-78.8,43,8.608792049,67.8601682,1.065982742,123.3691635,1,4
5.908082938168931,-75.6,38.3,13.48906728,89.87553517,1.35065869,5.246598244,0,2
5.5909869805108565,-74.1,40.3,11.50688073,97.69892966,1.9166035830000001,30.44665909,0,2
5.575949103146316,-95.7,39,12.34373089,72.97117737,0.814619926,316.5869446,1,3
5.3612921657094255,-85.6,38.2,13.52308869,93.08256881,1.920199875,181.5480499,0,2
5.204006687076795,-122,38.3,14.24908257,60.2470948,0.94541187,143.1794128,1,3
5.717027701406222,-73.9,40.8,11.81796636,92.61200306,2.213204125,23.8580265,0,1
5.262690188904886,-73.4,44.7,6.708715596,74.17110092,0.948629619,70.81639099,1,1
6.016157159698354,-83.7,42.3,9.459633028,65.69365443,1.064468505,253.6655579,1,3
5.424950017481403,-122.4,37.8,14.09617737,41.10183486,1.87041945,115.6696014,0,2
5.749392985908253,-93.6,45.5,6.371941896,58.17278287,0.958093579,297.0386047,1,3
5.43372200355424,-75.4,39.9,12.40282875,91.6633792,1.236334048,25.62282181,1,4
6.075346031088684,-86.9,39.6,11.54671254,82.81223242,1.112734709,256.3233337,1,2
5.762051382780177,-118.5,34,13.37056575,39.35022936,1.220434586,619.3668823,1,4
5.814130531825066,-78.6,35.8,15.40512232,94.05412844,2.156420352,96.75722504,1,3
5.846438775057725,-80.4,37.2,11.23807339,91.43340979,2.461538455,635.8566895,1,4
5.805134968916488,-74,42,9.113914373,88.5016055,1.677543917,138.1877747,1,3
6.003887067106539,-85.6,42.2,9.5575688069999991,76.51819572,1.080746513,251.7613831,1,3
5.786897381366708,-75.7,39.8,11.8103211,92.14327217,1.691739853,81.75190735,1,4
6.063785208687608,-91.7,38,13.20481651,80.56085627,1.299174744,332.3847351,1,5
5.2832037287379885,-74,40.7,11.81796636,92.61200306,2.213204125,23.8580265,0,1
5.645446897643238,-119.3,46.3,11.28302752,16.49655963,0.91001666,254.50222780000001,1,4
5.572154032177765,-78.9,35.9,15.40512232,94.05412844,1.698932469,96.75722504,1,4
5.863631175598097,-76.5,42.2,7.400458716,73.25152905,1.517035135,392.8258362,1,3
5.272999558563747,-123.1,44.1,11.24938838,101.1090214,1.340248341,161.2072296,1,4
6.0867747269123065,-90.7,40.4,11.07255352,75.07316514,0.875189277,189.922226,1,3
5.225746673713202,-74.4,40.7,11.15,97.4837156,2.2052544,60.80302048,1,5
5.8998973535824915,-80.5,35.7,15.24342508,92.16062691,2.060455779,225.508606,1,4
5.438079308923196,-71.4,41.8,9.993501529,93.25229358,2.145063591,30.41094589,1,1
5.44673737166631,-82.5,28.1,22.15588685,112.4344801,1.448705334,25.95861053,1,3
5.117993812416755,-122.4,37.8,14.09617737,41.10183486,1.87041945,115.6696014,0,1
5.605802066295998,-94.1,36.1,14.68279817,94.02966361,1.96903392,379.7380676,1,2
5.420534999272286,-74.5,40.7,9.860703364,99.49067278,2.2052544,165.7169495,1,4
5.796057750765372,-117.1,32.8,16.81697248,22.42683486,1.389839487,103.6060028,1,2
5.755742213586912,-78.7,35.9,15.40512232,94.05412844,1.698932469,96.75722504,1,4
4.875197323201151,-78,39.5,12.68478593,84.65328746,1.19715324,163.789444,1,3
4.927253685157205,-123,44,10.05114679,109.390367,2.636053908,431.8152771,1,3
3.7612001156935624,-74,40.7,11.81796636,92.61200306,2.213204125,23.8580265,0,1
